"Destructor","normal","fisico","40","35","100%","Ninguno."
"Golpe Kárate","lucha","fisico","50","25","100%","Alta probabilidad de Golpe Crítico."
"Doble Bofetón","normal","fisico","15","10","85%","Golpea de 2 a 5 veces seguidas."
"Puño Cometa","normal","fisico","18","15","85%","Golpea de 2 a 5 veces seguidas."
"Megapuño","normal","fisico","80","20","85%","Ninguno."
"Día de Pago","normal","fisico","40","20","100%","Recolecta dinero tras batallas contra Pokémon salvajes o entrenadores del juego."
"Puño Fuego","fuego","fisico","75","15","100%","10% de quemar al rival."
"Puño Hielo","hielo","fisico","75","15","100%","10% de congelar al rival."
"Puño Trueno","electrico","fisico","75","15","100%","10% de paralizar al rival."
"Arañazo","normal","fisico","40","35","100%","Ninguno."
"Agarre","normal","fisico","55","30","100%","Ninguno."
"Guillotina","normal","fisico","1","5","30%","Puede debilitar al Pokémon rival de un solo golpe."
"Viento Cortante","normal","especial","80","10","100%","Debe cargarse el primer turno para golpear en el segundo. Alta probabilidad de Golpe Crítico."
"Danza Espada","normal","otros","","20","--","Aumenta dos niveles el Ataque al usuario."
"Corte","normal","fisico","50","30","95%","Ninguno."
"Tornado","volador","especial","40","35","100%","Golpea a Pokémon en mitad de un Vuelo, Bote o Caída Libre con el doble de poder base."
"Ataque Ala","volador","fisico","60","35","100%","Ninguno."
"Remolino","normal","otros","","20","--","El Pokémon rival es intercambiado por otro al azar del entrenador rival. Si es salvaje, huirá."
"Vuelo","volador","fisico","90","15","95%","Precisa un turno de preparación en el cielo, en que sólo puede ser golpeado por Tornado, Remolino, Trueno, Ciclón, Gancho Alto, Antiaéreo y Vendaval."
"Atadura","normal","fisico","15","20","85%","El Pokémon rival permanece atrapado de 4 a 5 turnos, recibiendo un daño del 12.5% del PS cada turno."
"Atizar","normal","fisico","80","20","75%","Ninguno."
"Látigo Cepa","planta","fisico","45","25","100%","Ninguno."
"Pisotón","normal","fisico","65","20","100%","30% de hacer retroceder al rival. Golpea a Pokémon que han usado Reducción con el doble de poder base e ignorando su Evasión."
"Doble Patada","lucha","fisico","30","30","100%","Golpea 2 veces seguidas."
"Megapatada","normal","fisico","120","5","75%","Ninguno."
"Patada Salto","lucha","fisico","100","10","95%","Si el ataque falla, el usuario recibe un daño equivalente al 50% de su PS máximo."
"Patada Giro","lucha","fisico","60","15","85%","30% de hacer retroceder al rival."
"Ataque Arena","tierra","otros","","15","100%","Baja un nivel la Precisión al rival."
"Golpe Cabeza","normal","fisico","70","15","100%","30% de hacer retroceder al rival."
"Cornada","normal","fisico","65","25","100%","Ninguno."
"Ataque Furia","normal","fisico","15","20","85%","Golpea de 2 a 5 veces seguidas."
"Perforador","normal","fisico","1","5","30%","Puede debilitar al Pokémon rival de un solo golpe."
"Placaje","normal","fisico","40","35","100%","Ninguno."
"Golpe Cuerpo","normal","fisico","85","15","100%","30% de paralizar al rival."
"Constricción","normal","fisico","15","20","90%","El Pokémon rival permanece atrapado de 4 a 5 turnos, recibiendo un daño del 12.5% del PS cada turno."
"Derribo","normal","fisico","90","20","85%","Provoca un daño de retroceso del 25% del daño provocado al Pokémon rival."
"Golpe","normal","fisico","120","10","100%","El usuario golpea con este ataque durante 2 ó 3 turnos sin poder ser intercambiado, tras lo cual pasa a estar confundido."
"Doble Filo","normal","fisico","120","15","100%","Provoca un daño de retroceso al usuario equivalente al 33% del daño provocado al rival."
"Látigo","normal","otros","","30","100%","Baja un nivel la Defensa al rival."
"Picotazo Ven","veneno","fisico","15","35","100%","30% de envenenar al rival."
"Doble Ataque","bicho","fisico","25","20","100%","20% de envenenar al rival. Golpea 2 veces seguidas."
"Pin Misil","bicho","fisico","25","20","95%","Golpea de 2 a 5 veces seguidas."
"Malicioso","normal","otros","","30","100%","Baja un nivel la Defensa al rival."
"Mordisco","siniestro","fisico","60","25","100%","30% de hacer retroceder al rival."
"Gruñido","normal","otros","","40","100%","Baja un nivel el Ataque al rival."
"Rugido","normal","otros","","20","--","El Pokémon rival es intercambiado por otro al azar del entrenador rival. Si es salvaje, huirá."
"Canto","normal","otros","","15","55%","Provoca Sueño."
"Supersónico","normal","otros","","20","55%","Provoca Confusión."
"Bomba Sónica","normal","especial","1","20","90%","Causa un daño de 20 PS al Pokémon rival."
"Anulación","normal","otros","","20","100%","El Pokémon rival no puede usar el último movimiento que ha usado de 4 a 7 turnos."
"Ácido","veneno","especial","40","30","100%","10% de reducir un nivel la Defensa Especial al rival."
"Ascuas","fuego","especial","40","25","100%","10% de quemar al rival."
"Lanzallamas","fuego","especial","90","15","100%","10% de quemar al rival."
"Neblina","hielo","otros","","30","--","Impide las reducciones de stats por parte de los movimientos del rival o tu compañero durante 5 turnos."
"Pistola Agua","agua","especial","40","25","100%","Ninguno."
"Hidrobomba","agua","especial","110","5","80%","Ninguno."
"Surf","agua","especial","90","15","100%","El poder base se duplica si el rival está bajo el agua preparando un Buceo."
"Rayo Hielo","hielo","especial","90","10","100%","10% de congelar al rival."
"Ventisca","hielo","especial","110","5","70%","10% de congelar al rival. En Granizo no falla."
"Psicorrayo","psiquico","especial","65","20","100%","10% de confundir al rival."
"Rayo Burbuja","agua","especial","65","20","100%","10% de reducir un nivel la Velocidad al rival."
"Rayo Aurora","hielo","especial","65","20","100%","10% de reducir un nivel el Ataque al rival."
"Hiperrayo","normal","especial","150","5","90%","Impide al usuario usar un movimiento o ser intercambiado en el siguiente turno."
"Picotazo","volador","fisico","35","35","100%","Ninguno."
"Pico Taladro","volador","fisico","80","20","100%","Ninguno."
"Sumisión","lucha","fisico","80","20","80%","Provoca un daño de retroceso del 25% del daño provocado al Pokémon rival."
"Patada Baja","lucha","fisico","1","20","100%","Este movimiento tiene un poder base variable entre 20 y 120, en función del peso del Pokémon rival."
"Contraataque","lucha","fisico","1","20","100%","Si el usuario es golpeado por un ataque físico el mismo turno en que usa este movimiento, le devolverá al atacante el doble del daño recibido."
"Mov. Sísmico","lucha","fisico","1","20","100%","Causa un daño equivalente al nivel del usuario."
"Fuerza","normal","fisico","80","15","100%","Ninguno."
"Absorber","planta","especial","20","25","100%","El usuario recupera PS equivalente a la mitad del daño causado."
"Megaagotar","planta","especial","40","15","100%","El usuario recupera PS equivalente a la mitad del daño causado."
"Drenadoras","planta","otros","","10","90%","Hace perder al rival un 12.5% de su PS cada turno, y lo transfiere a nuestro Pokémon. Inefectivo contra Pokémon de tipo Planta."
"Desarrollo","normal","otros","","20","--","Aumenta un nivel el Ataque y el Ataque Especial al usuario. En Día Soleado el aumento es de dos niveles."
"Hoja Afilada","planta","fisico","55","25","95%","Alta probabilidad de Golpe Crítico."
"Rayo Solar","planta","especial","120","10","100%","Precisa un turno de carga, salvo en Día Soleado. En Llovizna, Granizo y Tormenta de Arena su poder base es la mitad."
"Polvo Veneno","veneno","otros","","35","75%","Provoca Envenenamiento."
"Paralizador","planta","otros","","30","75%","Provoca Parálisis."
"Somnífero","planta","otros","","15","75%","Provoca Sueño."
"Danza Pétalo","planta","especial","120","10","100%","El usuario golpea con este ataque durante 2 ó 3 turnos sin poder ser intercambiado, tras lo cual pasa a estar confundido."
"Disparo Demora","bicho","otros","","40","95%","Baja un nivel la Velocidad al rival."
"Furia Dragón","dragon","especial","1","10","100%","Causa un daño de 40 PS al Pokémon rival."
"Giro Fuego","fuego","especial","35","15","85%","El Pokémon rival permanece atrapado de 4 a 5 turnos, recibiendo un daño del 12.5% del PS cada turno."
"Impactrueno","electrico","especial","40","30","100%","10% de paralizar al rival."
"Rayo","electrico","especial","90","15","100%","10% de paralizar al rival."
"Onda Trueno","electrico","otros","","20","90%","Provoca Parálisis."
"Trueno","electrico","especial","110","10","70%","30% de paralizar al rival. Golpea a Pokémon en mitad de un Vuelo, Bote o Caída Libre. En Llovizna no falla. En Día Soleado tiene 50% de precisión."
"Lanzarrocas","roca","fisico","50","15","90%","Ninguno."
"Terremoto","tierra","fisico","100","10","100%","El daño es doble si golpea a un Pokémon en mitad de una excavación."
"Fisura","tierra","fisico","1","5","30%","Puede debilitar al Pokémon rival de un solo golpe."
"Excavar","tierra","fisico","80","10","100%","Precisa un turno de preparación bajo tierra, en que sólo puede ser golpeado por Terremoto y Magnitud, con el doble de poder base."
"Tóxico","veneno","otros","","10","90%","Provoca Intoxicación."
"Confusión","psiquico","especial","50","25","100%","10% de confundir al rival."
"Psíquico","psiquico","especial","90","10","100%","10% de reducir un nivel la Defensa Especial al rival."
"Hipnosis","psiquico","otros","","20","60%","Provoca Sueño."
"Meditación","psiquico","otros","","40","--","Aumenta un nivel el Ataque al usuario."
"Agilidad","psiquico","otros","","30","--","Aumenta dos niveles la Velocidad al usuario."
"Ataque Rápido","normal","fisico","40","30","100%","Golpea primero."
"Furia","normal","fisico","20","20","100%","Aumenta un nivel el Ataque al usuario si éste es golpeado entre que usa este movimiento y el siguiente."
"Teletransporte","psiquico","otros","","20","--","Termina la batalla contra Pokémon salvajes, no tiene efecto en batalla contra entrenadores."
"Tinieblas","fantasma","especial","1","15","100%","Causa un daño equivalente al nivel del usuario."
"Mimético","normal","otros","","10","--","Este movimiento se ve sustituido por el último ataque utilizado por el Pokémon rival (con 5 PP) por el resto de la batalla o hasta su intercambio."
"Chirrido","normal","otros","","40","85%","Baja dos niveles la Defensa al rival."
"Doble Equipo","normal","otros","","15","--","Aumenta un nivel la Evasión al usuario."
"Recuperación","normal","otros","","10","--","El usuario recupera el 50% de su PS máximo."
"Fortaleza","normal","otros","","30","--","Aumenta un nivel la Defensa al usuario."
"Reducción","normal","otros","","10","--","Aumenta dos niveles la Evasión. El Pokémon recibe el doble de daño de Pisotón y Rodillo de Púas, que no ven reducida su precisión."
"Pantalla de Humo","normal","otros","","20","100%","Baja un nivel la Precisión al rival."
"Rayo Confuso","fantasma","otros","","10","100%","Provoca Confusión."
"Refugio","agua","otros","","40","--","Aumenta un nivel la Defensa al usuario."
"Rizo Defensa","normal","otros","","40","--","Aumenta un nivel la Defensa al usuario. Duplica el poder base de Desenrollar y Bola Hielo."
"Barrera","psiquico","otros","","20","--","Aumenta dos niveles la Defensa al usuario."
"Pantalla de Luz","psiquico","otros","","30","--","Reduce el daño provocado a tu Pokémon por ataques especiales del rival en un 50% (33% en 2vs2) durante 5 turnos."
"Niebla","hielo","otros","","30","--","Elimina todos los modificadores de stats de todos los Pokémon."
"Reflejo","psiquico","otros","","20","--","Reduce el daño provocado a tu Pokémon por ataques físicos del rival en un 50% (33% en 2vs2) durante 5 turnos."
"Foco Energía","normal","otros","","30","--","Aumenta la probabilidad de que el Pokémon haga Golpe Crítico."
"Venganza","normal","fisico","1","10","--","Aguanta todos los golpes de su rival durante 2 turnos, para luego causarle un daño en PS equivalente al doble del recibido por él."
"Metrónomo","normal","otros","","10","--","Usa un movimiento al azar."
"Mov. Espejo","volador","otros","","20","--","Usa el último movimiento que ha utilizado el Pokémon rival."
"Autodestrucción","normal","fisico","200","5","100%","El usuario cae debilitado tras usar este movimiento. El movimiento fallará si su objetivo desaparece."
"Bomba Huevo","normal","fisico","100","10","75%","Ninguno."
"Lengüetazo","fantasma","fisico","30","30","100%","30% de paralizar al rival."
"Polución","veneno","especial","30","20","70%","40% de envenenar al rival."
"Residuos","veneno","especial","65","20","100%","30% de envenenar al rival."
"Hueso Palo","tierra","fisico","65","20","85%","10% de hacer retroceder al rival."
"Llamarada","fuego","especial","110","5","85%","10% de quemar al rival."
"Cascada","agua","fisico","80","15","100%","20% de hacer retroceder al rival."
"Tenaza","agua","fisico","35","10","85%","El Pokémon rival permanece atrapado de 4 a 5 turnos, recibiendo un daño del 12.5% del PS cada turno."
"Rapidez","normal","especial","60","20","--","Siempre golpea."
"Cabezazo","normal","fisico","130","10","100%","100% de aumentar un nivel la Defensa al usuario el primer turno. Golpea en el segundo turno."
"Clavo Cañón","normal","fisico","20","15","100%","Golpea de 2 a 5 veces seguidas."
"Restricción","normal","fisico","10","35","100%","10% de reducir un nivel la Velocidad al rival."
"Amnesia","psiquico","otros","","20","--","Aumenta dos niveles la Defensa Especial al usuario."
"Kinético","psiquico","otros","","15","80%","Baja un nivel la Precisión al rival."
"Amortiguador","normal","otros","","10","--","El usuario recupera el 50% de su PS máximo."
"Pat. Salto Alta","lucha","fisico","130","10","90%","Si el ataque falla, el usuario recibe un daño equivalente al 50% de su PS máximo."
"Deslumbrar","normal","otros","","30","100%","Provoca Parálisis."
"Come Sueños","psiquico","especial","100","15","100%","Restaura PS equivalente a la mitad del daño hecho al rival. Surte efectos sólo si el objetivo está dormido."
"Gas Venenoso","veneno","otros","","40","90%","Provoca Envenenamiento."
"Presa","normal","fisico","15","20","85%","Golpea de 2 a 5 veces seguidas."
"Chupavidas","bicho","fisico","80","10","100%","El usuario recupera PS equivalente a la mitad del daño causado."
"Beso Amoroso","normal","otros","","10","75%","Provoca Sueño."
"Ataque Aéreo","volador","fisico","140","5","90%","30% de hacer retroceder al rival. Se prepara el primer turno para atacar en el segundo."
"Transformación","normal","otros","","10","--","El usuario pasa a ser una copia casi idéntica del Pokémon objetivo, incluyendo stats (salvo PS), apariencia, movimientos (con 5 PP) y habilidades."
"Burbuja","agua","especial","40","30","100%","10% de reducir un nivel la Velocidad al rival."
"Puño Mareo","normal","fisico","70","10","100%","20% de confundir al rival."
"Espora","planta","otros","","15","100%","Provoca Sueño."
"Destello","normal","otros","","20","100%","Baja un nivel la Precisión al rival."
"Psicoonda","psiquico","especial","1","15","100%","Causa un daño equivalente a 0.5 a 1.5 veces el nivel del usuario."
"Salpicadura","normal","otros","","40","--","No hace nada."
"Armadura Ácida","veneno","otros","","20","--","Aumenta dos niveles la Defensa al usuario."
"Martillazo","agua","fisico","100","10","90%","Alta probabilidad de Golpe Crítico."
"Explosión","normal","fisico","250","5","100%","El usuario cae debilitado tras usar este movimiento. El movimiento fallará si su objetivo desaparece."
"Golpes Furia","normal","fisico","18","15","80%","Golpea de 2 a 5 veces seguidas."
"Huesomerang","tierra","fisico","50","10","90%","Golpea 2 veces seguidas."
"Descanso","psiquico","otros","","10","--","Duerme al usuario por 2 turnos y recupera todo su PS."
"Avalancha","roca","fisico","75","10","90%","30% de hacer retroceder al rival."
"Hipercolmillo","normal","fisico","80","15","90%","10% de hacer retroceder al rival."
"Afilar","normal","otros","","30","--","Aumenta un nivel el Ataque al usuario."
"Conversión","normal","otros","","30","--","El tipo Pokémon del usuario cambia al tipo de uno de sus movimientos al azar (Poder Oculto y Meteorobola cuentan como de tipo Normal)."
"Triataque","normal","especial","80","10","100%","20% de quemar, congelar o paralizar al rival."
"Superdiente","normal","fisico","1","10","90%","Causa un daño equivalente a la mitad del PS que le queda al Pokémon rival."
"Cuchillada","normal","fisico","70","20","100%","Alta probabilidad de Golpe Crítico."
"Sustituto","normal","otros","","10","--","Crea un Sustituto con el 25% del PS máximo del usuario."
"Forcejeo","normal","fisico","50","1","--","Puede ser usado ilimitadas veces por cualquier Pokémon que haya agotado los PP de todos sus movimientos o no los pueda usar. Causa daño de retroceso del 25% del PS máx."
"Esquema","normal","otros","","1","--","Copia el último movimiento intentado por el rival de manera permanente, de manera que ocupará la posición de este movimiento incluso tras terminar la batalla."
"Triple Patada","lucha","fisico","10","10","90%","Golpea 3 veces el mismo turno, con 10, 20 y 30 de poder base respectivamente. Si algún golpe falla, el resto no se ejecutan."
"Ladrón","siniestro","fisico","60","25","100%","Toma el objeto del rival si no tiene nada equipado, incluso aunque el rival caiga debilitado a consecuencia del ataque."
"Telaraña","bicho","otros","","10","--","Impide al rival ser intercambiado, salvo usando Relevo, Ida y Vuelta, Voltiocambio o Última Palabra, o si tiene Muda Concha o Botón Escape."
"Telépata","normal","otros","","5","--","El siguiente movimiento que utilice el Pokémon no fallará."
"Pesadilla","fantasma","otros","","15","100%","Causa un 25% de daño al Pokémon rival cada turno mientras permanezca dormido."
"Rueda Fuego","fuego","fisico","60","25","100%","10% de quemar al rival. Puede ser utilizado incluso cuando el Pokémon está congelado, curando automáticamente la congelación."
"Ronquido","normal","especial","50","15","100%","30% de hacer retroceder al rival. Sólo puede ser utilizado cuando el Pokémon está dormido."
"Maldición","fantasma","otros","","10","--","Aumenta un nivel el Ataque y la Defensa y reduce un nivel la Velocidad al usuario. Usado por un Fantasma, pierde 50% de PS máx. y el rival pierde un 25% de PS cada turno."
"Azote","normal","fisico","1","15","100%","El poder base de este movimiento es mayor cuanto menor el PS restante del usuario."
"Conversión2","normal","otros","","30","--","El tipo del usuario cambia a un tipo al azar de entre los que son resistentes o inmunes al tipo del último movimiento utilizado por el rival."
"Aerochorro","volador","especial","100","5","95%","Alta probabilidad de Golpe Crítico."
"Esporagodón","planta","otros","","40","100%","Baja dos niveles la Velocidad al rival."
"Inversión","lucha","fisico","1","15","100%","El poder base de este movimiento es mayor cuanto menor el PS restante del usuario."
"Rencor","fantasma","otros","","10","100%","El último movimiento utilizado por el rival verá reducidos sus PP en 4."
"Nieve Polvo","hielo","especial","40","25","100%","10% de congelar al rival."
"Protección","normal","otros","","10","--","Evita todo daño directo y efectos de movimientos del rival. Su precisión se reduce con cada uso consecutivo."
"Ultrapuño","lucha","fisico","40","30","100%","Golpea primero."
"Cara Susto","normal","otros","","10","100%","Baja dos niveles la Velocidad al rival."
"Finta","siniestro","fisico","60","20","--","Siempre golpea."
"Beso Dulce","hada","otros","","10","75%","Provoca Confusión."
"Tambor","normal","otros","","10","--","Aumenta seis niveles el Ataque al usuario, que pierde la mitad de su PS máximo. Si el usuario tiene 50% de PS o menos, el movimiento falla."
"Bomba Lodo","veneno","especial","90","10","100%","30% de envenenar al rival."
"Bofetón Lodo","tierra","especial","20","10","100%","100% de reducir un nivel la Precisión al rival."
"Pulpocañón","agua","especial","65","10","85%","50% de reducir un nivel la Precisión al rival."
"Púas","tierra","otros","","20","--","El Pokémon que salga a luchar recibirá un daño equivalente al 12.5% de PS (16.66% con 2 filas, 25% con 3 filas). No afecta a Pokémon voladores o levitadores."
"Electrocañón","electrico","especial","120","5","50%","100% de paralizar al rival."
"Profecía","normal","otros","","40","--","Hasta el intercambio o derrota del rival, su Evasión y tu Precisión no pueden ser modificados. Si el rival es de tipo Fantasma, no es inmune a ataques de tipo Normal o Lucha."
"Mismo Destino","fantasma","otros","","5","--","Si el usuario cae debilitado por un ataque del rival antes de usar otro ataque, el Pokémon rival cae también debilitado."
"Canto Mortal","normal","otros","","5","--","Todos los Pokémon en batalla al producirse este ataque caerán debilitados al cabo de tres turnos salvo que sean intercambiados (sin Relevo)."
"Viento Hielo","hielo","especial","55","15","95%","100% de reducir un nivel la Velocidad al rival."
"Detección","lucha","otros","","5","--","Evita todo daño directo y efectos de movimientos del rival. Su precisión se reduce con cada uso consecutivo."
"Ataque Óseo","tierra","fisico","25","10","90%","Golpea de 2 a 5 veces seguidas."
"Fijar Blanco","normal","otros","","5","--","El siguiente movimiento que utilice el Pokémon no fallará."
"Enfado","dragon","fisico","120","10","100%","El usuario golpea con este ataque durante 2 ó 3 turnos sin poder ser intercambiado, tras lo cual pasa a estar confundido."
"Tormenta Arena","roca","otros","","10","--","Provoca Tormenta de Arena."
"Gigadrenado","planta","especial","75","10","100%","El usuario recupera PS equivalente a la mitad del daño causado."
"Aguante","normal","otros","","10","--","El usuario resiste con vida todo ataque con al menos 1 PS. Su precisión se reduce con cada uso consecutivo."
"Encanto","hada","otros","","20","100%","Baja dos niveles el Ataque al rival."
"Desenrollar","roca","fisico","30","20","90%","El usuario debe usar este movimiento por hasta 5 turnos (mientras no falle). Por cada turno que use el ataque, su poder base se dobla."
"Falsotortazo","normal","fisico","40","40","100%","Deja al rival con al menos 1 PS."
"Contoneo","normal","otros","","15","85%","Provoca Confusión. Aumenta dos niveles el Ataque al rival."
"Batido","normal","otros","","10","--","El usuario recupera el 50% de su PS máximo."
"Chispa","electrico","fisico","65","20","100%","30% de paralizar al rival."
"Corte Furia","bicho","fisico","40","20","95%","Por cada turno que el ataque sea usado y acierte, su poder base se dobla, pero sólo durante 4 turnos. Puedes usar otros movimientos entre medias sin perder el bonus."
"Ala de Acero","acero","fisico","70","25","90%","10% de aumentar un nivel la Defensa al usuario."
"Mal de Ojo","normal","otros","","5","--","Impide al rival ser intercambiado, salvo usando Relevo, Ida y Vuelta, Voltiocambio o Última Palabra, o si tiene Muda Concha o Botón Escape."
"Atracción","normal","otros","","15","100%","Provoca una atracción al rival del género contrario."
"Sonámbulo","normal","otros","","10","--","El usuario utiliza uno de sus movimientos al azar mientras está dormido."
"Campana Cura","normal","otros","","5","--","Cura cualquier problema de estado de cualquier miembro de tu equipo."
"Retribución","normal","fisico","1","20","100%","Su poder base depende de la Felicidad del Pokémon, entre 0 y 102."
"Presente","normal","fisico","1","15","90%","25% de recuperar 80 PS al usuario, 25% de golpear con 40 de poder, 25% de golpear con 80 de poder, 25% de golpear con 120 de poder."
"Frustración","normal","fisico","1","20","100%","Su poder base depende de la Infelicidad del Pokémon, entre 0 y 102."
"Velo Sagrado","normal","otros","","25","--","Previene cambios de estado permanentes, Púas Tóxicas y confusión por 5 turnos al usuario y sus compañeros."
"Divide Dolor","normal","otros","","20","--","Suma los PS actuales del usuario y del rival y luego los reparte por igual entre los dos."
"Fuego Sagrado","fuego","fisico","100","5","95%","50% de quemar al rival. Puede ser utilizado incluso cuando el Pokémon está congelado, curando automáticamente la congelación."
"Magnitud","tierra","fisico","1","30","100%","Este movimiento tiene un poder base variable entre 10 y 150. El daño es doble si golpea a un Pokémon en mitad de una excavación."
"Puño Dinámico","lucha","fisico","100","5","50%","100% de confundir al rival."
"Megacuerno","bicho","fisico","120","10","85%","Ninguno."
"Dragoaliento","dragon","especial","60","20","100%","30% de paralizar al rival."
"Relevo","normal","otros","","40","--","El Pokémon usuario es intercambiado por otro Pokémon del equipo a elegir, conservando ciertos modificadores y estados."
"Otra Vez","normal","otros","","5","100%","El Pokémon objetivo queda obligado a usar el último movimiento que haya usado durante 3 turnos."
"Persecución","siniestro","fisico","40","20","100%","Este movimiento puede golpear al Pokémon del rival aun cuando éste va a ser intercambiado ese turno, duplicando su poder base en el golpe."
"Giro Rápido","normal","fisico","20","40","100%","Elimina los efectos de Púas, Púas Tóxicas, Trampa Rocas, Drenadoras y pseudo-trampas."
"Dulce Aroma","normal","otros","","20","100%","Baja un nivel la Evasión al rival."
"Cola Férrea","acero","fisico","100","15","75%","30% de reducir un nivel la Defensa al rival."
"Garra Metal","acero","fisico","50","35","95%","10% de aumentar un nivel el Ataque al usuario."
"Tiro Vital","lucha","fisico","70","10","--","Siempre golpea. Golpea último."
"Sol Matinal","normal","otros","","5","--","El usuario recupera 66.6% PS en Día Soleado, 50% PS si no hay clima, y 25% en Llovizna, Granizo o Tormenta de Arena."
"Síntesis","planta","otros","","5","--","El usuario recupera 66.6% PS en Día Soleado, 50% PS si no hay clima, y 25% en Llovizna, Granizo o Tormenta de Arena."
"Luz Lunar","hada","otros","","5","--","El usuario recupera 66.6% PS en Día Soleado, 50% PS si no hay clima, y 25% en Llovizna, Granizo o Tormenta de Arena."
"Poder Oculto","normal","especial","60","15","100%","Este movimiento tiene un tipo variable y un poder base variable entre 30 y 70, dependiendo de los IV′s del usuario."
"Tajo Cruzado","lucha","fisico","100","5","80%","Alta probabilidad de Golpe Crítico."
"Ciclón","dragon","especial","40","20","100%","20% de hacer retroceder al rival. Golpea a Pokémon en mitad de un Vuelo, Bote o Caída Libre con el doble de poder base."
"Danza Lluvia","agua","otros","","5","--","Provoca Llovizna."
"Día Soleado","fuego","otros","","5","--","Provoca Día Soleado."
"Triturar","siniestro","fisico","80","15","100%","20% de reducir un nivel la Defensa al rival."
"Manto Espejo","psiquico","especial","1","20","100%","Si el usuario es golpeado por un ataque especial el mismo turno en que usa este movimiento, le devolverá al atacante el doble del daño recibido."
"Más Psique","normal","otros","","10","--","Copia los modificadores de stats del Pokémon rival."
"Veloc. Extrema","normal","fisico","80","5","100%","Golpea primero."
"Poder Pasado","roca","especial","60","5","100%","10% de aumentar un nivel el Ataque, la Defensa, la Velocidad, el Ataque Especial y la Defensa Especial al usuario."
"Bola Sombra","fantasma","especial","80","15","100%","20% de reducir un nivel la Defensa Especial al rival."
"Premonición","psiquico","especial","120","10","100%","Este ataque golpeará al objetivo al final del segundo turno tras su uso. Mientras, se pueden usar otros ataques y tanto el usuario como el rival pueden ser intercambiados."
"Golpe Roca","lucha","fisico","40","15","100%","50% de reducir un nivel la Defensa al rival."
"Torbellino","agua","especial","35","15","85%","El rival permanece atrapado de 4 a 5 turnos, recibiendo un daño del 6.25% del PS cada turno. El poder base se duplica si el rival preparando un Buceo."
"Paliza","siniestro","fisico","1","10","100%","Cada Pokémon del equipo que esté sano (sin estado) hará un ataque de poder base variable en función de su stat base de Ataque. El daño se calcula también con su Ataque."
"Sorpresa","normal","fisico","40","10","100%","100% de hacer retroceder al rival. Golpea primero. Sólo puede ser utilizado con éxito el primer turno de ataque del usuario tras ser intercambiado."
"Alboroto","normal","especial","90","10","100%","Golpea 3 turnos seguidos, causando un Alboroto que impide que los Pokémon se duerman y despierta a los Pokémon dormidos."
"Reserva","normal","otros","","20","--","El usuario suma un contador de Reserva (máx. 3). Aumentan un nivel la Defensa y Defensa Especial del usuario. Pueden ser pasados mediante Relevo y usados con Escupir y Tragar."
"Escupir","normal","especial","1","10","100%","Cada contador de Reserva que tenga el usuario (máx. 3) suma 100 a su poder base. Resetea los contadores y con ello la mejora en defensas."
"Tragar","normal","otros","","10","--","El usuario recupera PS según sus contadores de Reserva: 25% PS con uno, 50% PS con dos, 100% PS con tres. Resetea los contadores y con ello la mejora en defensas."
"Onda Ígnea","fuego","especial","95","10","90%","10% de quemar al rival."
"Granizo","hielo","otros","","10","--","Provoca Granizo."
"Tormento","siniestro","otros","","15","100%","El rival no puede usar el mismo ataque dos veces seguidas."
"Camelo","siniestro","otros","","15","100%","Provoca Confusión. Aumenta un nivel el Ataque Especial al rival."
"Fuego Fatuo","fuego","otros","","15","85%","Provoca Quemadura. Activa la habilidad Absorbe Fuego."
"Legado","siniestro","otros","","10","100%","El usuario se debilita. Baja dos niveles el Ataque y el Ataque Especial del rival."
"Imagen","normal","fisico","70","20","100%","El poder base se duplica si el usuario está Quemado, Paralizado o Envenenado."
"Puño Certero","lucha","fisico","150","20","100%","Ataca último si no es golpeado."
"Estímulo","normal","fisico","70","10","100%","El poder base se duplica si golpea a un Pokémon paralizado, curándole la parálisis."
"Señuelo","normal","otros","","20","--","En batallas múltiples, los ataques que usen los Pokémon rivales ese turno golpearán al usuario, ignorando la elección de su entrenador. No afecta a los ataques varios objetivos."
"Adaptación","normal","otros","","20","--","Este movimiento se convierte en otro movimiento según el terreno en que tenga lugar la batalla."
"Carga","electrico","otros","","20","--","El movimiento de tipo Eléctrico que el usuario use el siguiente turno verá su poder base duplicado. Aumenta un nivel la Defensa Especial al usuario."
"Mofa","siniestro","otros","","20","100%","El rival no puede utilizar movimientos que no causen daño durante los próximos 3 turnos."
"Refuerzo","normal","otros","","20","--","En batallas múltiples, el ataque que use su compañero ese turno verá aumentado su poder base en un 50%."
"Truco","psiquico","otros","","10","100%","El usuario y el rival intercambian sus objetos durante el resto de la batalla. No funciona contra Pokémon con la habilidad Viscosidad."
"Imitación","psiquico","otros","","10","--","El usuario adquiere la habilidad del rival mientras permanezca en batalla (salvo Superguarda o Multitipo)."
"Deseo","normal","otros","","10","--","Recupera PS al Pokémon que se encuentre activo el siguiente turno, sea el usuario u otro, por la mitad del PS máximo del usuario."
"Ayuda","normal","otros","","20","--","Usa un movimiento al azar de entre los que conocen el resto de miembros de tu equipo que no están en batalla."
"Arraigo","planta","otros","","20","--","El usuario recupera un 6.25% de su PS máximo al final de cada turno, pero no puede ser intercambiado. Anula la inmunidad a Tierra de voladores y levitadores."
"Fuerza Bruta","lucha","fisico","120","5","100%","Baja un nivel el Ataque y la Defensa al usuario."
"Capa Mágica","psiquico","otros","","15","--","Refleja al Pokémon rival los efectos de movimientos que no causan daño (modificador, estado alterado, confusión, atracción, trampa, drenadoras, abatidoras, bilis)."
"Reciclaje","normal","otros","","10","--","El usuario recupera el objeto equipado que haya consumido o perdido por Picadura, Lanzamiento, Don Natural o Picoteo."
"Desquite","lucha","fisico","60","10","100%","El poder base se duplica si el usuario es golpeado antes de usar este movimiento en el mismo turno."
"Demolición","lucha","fisico","75","15","100%","Destruye Pantalla de Luz, Reflejo y Velo Aurora, incluso si falla."
"Bostezo","normal","otros","","10","--","Provoca un bostezo en el rival, que caerá dormido el siguiente turno salvo que sea intercambiado."
"Desarme","siniestro","fisico","65","20","100%","El rival pierde el objeto que pudiera tener equipado durante el resto de la batalla, salvo que tenga Viscosidad o Multitipo."
"Esfuerzo","normal","fisico","1","5","100%","Causa daño equivalente a la diferencia entre el PS actual del rival y del usuario. No aplica resistencias, pero no afecta a Fantasma."
"Estallido","fuego","especial","150","5","100%","El poder de este movimiento será mayor cuanto mayor el PS del usuario. El daño será: 150 x ( PS actual / PS total )."
"Intercambio","psiquico","otros","","10","--","El usuario intercambia la habilidad con el rival (salvo Superguarda y Multitipo)."
"Cerca","psiquico","otros","","10","--","Mientras el usuario permanezca en batalla, los rivales no pueden usar movimientos que también conozca el usuario (incluso si los aprende en batalla)."
"Alivio","normal","otros","","20","--","Cura al usuario de su Quemadura, Parálisis o Envenenamiento."
"Rabia","fantasma","otros","","5","--","Si el rival debilita al usuario con su siguiente movimiento, los PP de ese movimiento se reducirán a cero."
"Robo","siniestro","otros","","10","--","Roba el efecto secundario de los movimientos de apoyo que fuera a utilizar el rival ese turno, y lo utiliza en beneficio del usuario."
"Daño Secreto","normal","fisico","70","20","100%","30% de que ocurra cierto efecto según el terreno de la batalla."
"Buceo","agua","fisico","80","10","100%","Precisa un turno de preparación bajo el agua, en que sólo puede ser golpeado por Surf y Torbellino, con el doble de poder base."
"Empujón","lucha","fisico","15","20","100%","Golpea de 2 a 5 veces seguidas."
"Camuflaje","normal","otros","","20","--","Cambia el tipo del Pokémon en función del terreno de batalla."
"Ráfaga","bicho","otros","","20","--","Aumenta tres niveles el Ataque Especial al usuario."
"Resplandor","psiquico","especial","70","5","100%","50% de reducir un nivel la Defensa Especial al rival."
"Bola Neblina","psiquico","especial","70","5","100%","50% de reducir un nivel el Ataque Especial al rival."
"Danza Pluma","volador","otros","","15","100%","Baja dos niveles el Ataque al rival."
"Danza Caos","normal","otros","","20","100%","Provoca Confusión al resto de Pokémon en batalla."
"Patada Ígnea","fuego","fisico","85","10","90%","10% de quemar al rival. Alta probabilidad de Golpe Crítico."
"Chapoteo Lodo","tierra","otros","","15","--","Todos los ataques tipo Eléctrico hacen la mitad de daño hasta que el usuario sea intercambiado."
"Bola Hielo","hielo","fisico","30","20","90%","El usuario debe usar este movimiento por hasta 5 turnos (mientras no falle). Por cada turno que use el ataque, su poder base se dobla."
"Brazo Pincho","planta","fisico","60","15","100%","30% de hacer retroceder al rival."
"Relajo","normal","otros","","10","--","El usuario recupera el 50% de su PS máximo."
"Vozarrón","normal","especial","90","10","100%","Ninguno."
"Colmillo Ven","veneno","fisico","50","15","100%","50% de intoxicar al rival."
"Garra Brutal","normal","fisico","75","10","95%","50% de reducir un nivel la Defensa al rival."
"Anillo Ígneo","fuego","especial","150","5","90%","Impide al usuario usar un movimiento o ser intercambiado en el siguiente turno."
"Hidrocañón","agua","especial","150","5","90%","Impide al usuario usar un movimiento o ser intercambiado en el siguiente turno."
"Puño Meteoro","acero","fisico","90","10","90%","20% de aumentar un nivel el Ataque al usuario."
"Impresionar","fantasma","fisico","30","15","100%","30% de hacer retroceder al rival."
"Meteorobola","normal","especial","50","10","100%","Su tipo será Agua en Llovizna, Fuego en Día Soleado, Hielo en Granizo o Roca en Tormenta de Arena. El clima duplica su poder base."
"Aromaterapia","planta","otros","","5","--","Cura cualquier problema de estado de cualquier miembro de tu equipo."
"Llanto Falso","siniestro","otros","","20","100%","Baja dos niveles la Defensa Especial al rival."
"Aire Afilado","volador","especial","60","25","95%","Alta probabilidad de Golpe Crítico."
"Sofoco","fuego","especial","130","5","90%","100% de reducir dos niveles el Ataque Especial al usuario."
"Rastreo","normal","otros","","40","--","Hasta el intercambio o derrota del rival, su Evasión y tu Precisión no pueden ser modificados. Si el rival es de tipo Fantasma, no es inmune a ataques de tipo Normal o Lucha."
"Tumba Rocas","roca","fisico","60","15","95%","100% de reducir un nivel la Velocidad al rival."
"Viento Plata","bicho","especial","60","5","100%","10% de aumentar un nivel el Ataque, la Defensa, la Velocidad, el Ataque Especial y la Defensa Especial al usuario."
"Eco Metálico","acero","otros","","40","85%","Baja dos niveles la Defensa Especial al rival."
"Silbato","planta","otros","","15","55%","Provoca Sueño."
"Cosquillas","normal","otros","","20","100%","Baja un nivel el Ataque y la Defensa al rival."
"Masa Cósmica","psiquico","otros","","20","--","Aumenta un nivel la Defensa y la Defensa Especial al usuario."
"Salpicar","agua","especial","150","5","100%","El poder de este movimiento será mayor cuanto mayor el PS del usuario. El daño será: 150 x ( PS actual / PS total )."
"Doble Rayo","bicho","especial","75","15","100%","10% de confundir al rival."
"Puño Sombra","fantasma","fisico","60","20","--","Siempre golpea."
"Paranormal","psiquico","especial","80","20","100%","10% de hacer retroceder al rival."
"Gancho Alto","lucha","fisico","85","15","90%","Golpea a Pokémon en mitad de un Vuelo, Bote o Caída Libre."
"Bucle Arena","tierra","fisico","35","15","85%","El Pokémon rival permanece atrapado de 4 a 5 turnos, recibiendo un daño del 12.5% del PS cada turno."
"Frío Polar","hielo","especial","1","5","30%","Puede debilitar al Pokémon rival de un solo golpe."
"Agua Lodosa","agua","especial","90","10","85%","30% de reducir un nivel la Precisión al rival."
"Recurrente","planta","fisico","25","30","100%","Golpea de 2 a 5 veces seguidas."
"Golpe Aéreo","volador","fisico","60","20","--","Siempre golpea."
"Carámbano","hielo","fisico","25","30","100%","Golpea de 2 a 5 veces seguidas."
"Defensa Férrea","acero","otros","","15","--","Aumenta dos niveles la Defensa al usuario."
"Bloqueo","normal","otros","","5","--","Impide al rival ser intercambiado, salvo usando Relevo, Ida y Vuelta, Voltiocambio o Última Palabra, o si tiene Muda Concha o Botón Escape."
"Aullido","normal","otros","","40","--","Aumenta un nivel el Ataque al usuario."
"Garra Dragón","dragon","fisico","80","15","100%","Ninguno."
"Planta Feroz","planta","especial","150","5","90%","Impide al usuario usar un movimiento o ser intercambiado en el siguiente turno."
"Corpulencia","lucha","otros","","20","--","Aumenta un nivel el Ataque y la Defensa al usuario."
"Bote","volador","fisico","85","5","85%","30% de paralizar al rival. Precisa un turno de preparación en el cielo, en que sólo puede ser golpeado por Tornado, Remolino, Trueno, Ciclón, Gancho Alto, Antiaéreo y Vendaval."
"Disparo Lodo","tierra","especial","55","15","95%","100% de reducir un nivel la Velocidad al rival."
"Cola Veneno","veneno","fisico","50","25","100%","10% de envenenar al rival. Alta probabilidad de Golpe Crítico."
"Antojo","normal","fisico","60","25","100%","Toma el objeto del rival si no tiene nada equipado, incluso aunque el rival caiga debilitado a consecuencia del ataque."
"Placaje Eléc","electrico","fisico","120","15","100%","10% de paralizar al rival. Provoca un daño de retroceso del 33% del daño provocado al Pokémon rival."
"Hoja Mágica","planta","especial","60","20","--","Siempre golpea."
"Hidrochorro","agua","otros","","15","--","Todos los ataques tipo Fuego hacen un tercio de daño durante 5 turnos."
"Paz Mental","psiquico","otros","","20","--","Aumenta un nivel el Ataque Especial y la Defensa Especial al usuario."
"Hoja Aguda","planta","fisico","90","15","100%","Alta probabilidad de Golpe Crítico."
"Danza Dragón","dragon","otros","","20","--","Aumenta un nivel el Ataque y la Velocidad al usuario."
"Pedrada","roca","fisico","25","10","90%","Golpea de 2 a 5 veces seguidas."
"Onda Voltio","electrico","especial","60","20","--","Siempre golpea."
"Hidropulso","agua","especial","60","20","100%","20% de confundir al rival."
"Deseo Oculto","acero","especial","140","5","100%","Este ataque golpeará al objetivo al final del segundo turno tras su uso. Mientras, se pueden usar otros ataques y tanto el usuario como el rival pueden ser intercambiados."
"Psicoataque","psiquico","especial","140","5","90%","100% de reducir dos niveles el Ataque Especial al usuario."
"Respiro","volador","otros","","10","--","El usuario recupera el 50% de su PS máximo. En ese mismo turno perderá su tipo Volador (si lo tiene), con lo que ello afecta a sus inmunidades, debilidades y resistencias."
"Gravedad","psiquico","otros","","5","--","Por 5 turnos se anula la inmunidad de Levitación, voladores y Levitón al tipo Tierra, Trampa Arena, Púas Tóxicas y Púas. La Evasión de todos los Pokémon baja dos niveles."
"Gran Ojo","psiquico","otros","","40","--","Mientras el usuario siga en batalla, se ignoran los modificadores de Evasión del rival y de Precisión del usuario. Anula la inmunidad del tipo Siniestro frente al tipo Psíquico."
"Espabila","lucha","fisico","70","10","100%","El poder base se duplica si golpea a un Pokémon dormido, curándole el sueño."
"Machada","lucha","fisico","100","10","90%","Baja un nivel la Velocidad al usuario."
"Giro Bola","acero","fisico","1","5","100%","El poder es mayor cuanto más lento el usuario frente al rival. El daño será: 1 + (Vel.Rival / Vel.Usuario) x 25 (incluye modificadores de Velocidad, máx. 150)."
"Deseo Cura","psiquico","otros","","10","--","El usuario cae debilitado, y el siguiente Pokémon recupera todo su PS y se ve curado de cambios de estado."
"Salmuera","agua","especial","65","10","100%","El poder base se duplica si el rival tiene menos de la mitad de su PS máximo."
"Don Natural","normal","fisico","1","15","100%","El tipo y poder del ataque dependen de la baya equipada, que se consume con el uso. El poder puede ser 60, 70 ú 80. La baya se puede recuperar con Reciclaje."
"Amago","normal","fisico","30","10","100%","Golpea aunque el rival use Protección, Detección, Vastaguardia o Anticipo ese turno, los cuales se ven anulados."
"Picoteo","volador","fisico","60","20","100%","Si el rival lleva una baya equipada, el usuario se la coge y la usa en ese instante. Kouba se activa y reduce el daño de este ataque. La baya se puede recuperar con Reciclaje."
"Viento Afín","volador","otros","","15","--","Se duplica la Velocidad del equipo del usuario por 4 turnos, incluyendo el turno en que se usa este movimiento."
"Acupresión","normal","otros","","30","--","Aumenta dos niveles un stat al azar del usuario (Ataque, Defensa, Ataque Especial, Defensa Especial, Velocidad, Precisión y Evasión)."
"Represión Metal","acero","fisico","1","10","100%","Causa un daño equivalente al 150% del daño causado por el ataque del rival ese turno. Debe ser utilizado después del ataque del rival."
"Ida y Vuelta","bicho","fisico","70","20","100%","El Pokémon debe ser intercambiado tras usar este ataque. Permite escapar de trampas y pseudo-trampas."
"A Bocajarro","lucha","fisico","120","5","100%","Baja un nivel la Defensa y la Defensa Especial al usuario."
"Vendetta","siniestro","fisico","50","10","100%","Su poder base se duplica si el rival ya se ha movido ese turno."
"Buena Baza","siniestro","fisico","60","10","100%","Su poder base se duplica si el rival ya ha recibido daño ese turno (retroceso, Púas, Trampa Rocas, Vidasfera)."
"Embargo","siniestro","otros","","15","100%","Impide al Pokémon rival usar su objeto equipado, así como al jugador rival usar objetos en él, durante 5 turnos."
"Lanzamiento","siniestro","fisico","1","10","100%","Lanza el objeto equipado al rival. El efecto y daño causado depende del objeto lanzado. El objeto se puede recuperar con Reciclaje."
"Psicocambio","psiquico","otros","","10","100%","El usuario se ve curado de su estado alterado y se lo traspasa al rival."
"As Oculto","normal","especial","1","5","--","Nunca falla. Su poder depende de cuántos PP le resten: Con 5+ PP será de 40. Con 4 PP será de 50. Con 3 PP será de 60. Con 2 PP será de 80. Con 1 PP será de 200."
"Anticura","psiquico","otros","","15","100%","El rival no puede recuperar PS en 5 turnos, salvo mediante Divide Dolor u objetos."
"Estrujón","normal","especial","1","5","100%","El poder del movimiento es mayor cuanto más PS le quede al rival. El poder base será: 1 + (PS Actual Rival / PS Máximo Rival) x 120 (máx. 121)."
"Truco Fuerza","psiquico","otros","","10","--","El usuario intercambia sus stats de Ataque y de Defensa entre sí, pero no sus modificadores."
"Bilis","veneno","otros","","10","100%","Cancela el efecto de la habilidad del rival mientras no sea intercambiado."
"Conjuro","normal","otros","","30","--","El equipo del usuario no recibe Golpes Críticos por 5 turnos."
"Yo Primero","normal","otros","","20","--","Siempre que el usuario sea el primero en moverse y que el rival haya elegido un ataque de daño directo, el usuario copia el ataque del rival y le golpea con su poder al 150%."
"Copión","normal","otros","","20","--","Usa el último movimiento usado en batalla, sea de un rival, compañero o propio (salvo a sí mismo)."
"Cambia Fuerza","psiquico","otros","","10","--","El usuario intercambia los modificadores de Ataque y Ataque Especial con el rival."
"Cambia Defensa","psiquico","otros","","10","--","El usuario intercambia los modificadores de Defensa y Defensa Especial con el rival."
"Castigo","siniestro","fisico","1","5","100%","El poder base aumenta cuando el rival tiene modificadores positivos de stats (incluye Precisión y Evasión). El mínimo es 60, añadiendo 20 por modificador y hasta 200."
"Última Baza","normal","fisico","140","5","100%","Falla mientras el usuario no haya usado el resto de sus movimientos desde que salió a la batalla (último intercambio), y exige que al menos conozca otro movimiento."
"Abatidoras","planta","otros","","10","100%","Cambia la habilidad del rival a Insomnio hasta que sea intercambiado, salvo que fuera Ausente o Multitipo."
"Golpe Bajo","siniestro","fisico","70","5","100%","Golpea primero, pero falla si el rival no va a usar un movimiento de daño directo. Falla también si el rival golpea antes."
"Púas Tóxicas","veneno","otros","","20","--","Sitúa púas en el campo enemigo. Salvo a inmunes al veneno, voladores y levitadores, envenenan o intoxican a todo Pokémon rival que entre al campo, según haya 1 ó 2 filas."
"Cambia Almas","psiquico","otros","","10","--","El usuario intercambia los modificadores de todos los stats con el rival."
"Acua Aro","agua","otros","","20","--","El usuario recupera un 6.25% de PS cada turno hasta que cae debilitado o es intercambiado (salvo Relevo)."
"Levitón","electrico","otros","","10","--","El usuario es inmune a los ataques de tipo Tierra durante 5 turnos."
"Envite Ígneo","fuego","fisico","120","15","100%","10% de quemar al rival. Provoca un daño de retroceso del 33% del daño provocado al Pokémon rival."
"Palmeo","lucha","fisico","60","10","100%","30% de paralizar al rival."
"Esfera Aural","lucha","especial","80","20","--","Siempre golpea."
"Pulimento","roca","otros","","20","--","Aumenta dos niveles la Velocidad al usuario."
"Puya Nociva","veneno","fisico","80","20","100%","30% de envenenar al rival."
"Pulso Umbrío","siniestro","especial","80","15","100%","20% de hacer retroceder al rival."
"Tajo Umbrío","siniestro","fisico","70","15","100%","Alta probabilidad de Golpe Crítico."
"Acua Cola","agua","fisico","90","10","90%","Ninguno."
"Bomba Germen","planta","fisico","80","15","100%","Ninguno."
"Tajo Aéreo","volador","especial","75","15","95%","30% de hacer retroceder al rival."
"Tijera X","bicho","fisico","80","15","100%","Ninguno."
"Zumbido","bicho","especial","90","10","100%","10% de reducir un nivel la Defensa Especial al rival."
"Pulso Dragón","dragon","especial","85","10","100%","Ninguno."
"Carga Dragón","dragon","fisico","100","10","75%","20% de hacer retroceder al rival. Golpea a Pokémon que han usado Reducción con el doble de poder base e ignorando su Evasión."
"Joya de Luz","roca","especial","80","20","100%","Ninguno."
"Puño Drenaje","lucha","fisico","75","10","100%","El usuario recupera PS equivalente a la mitad del daño causado."
"Onda Vacío","lucha","especial","40","30","100%","Golpea primero."
"Onda Certera","lucha","especial","120","5","70%","10% de reducir un nivel la Defensa Especial al rival."
"Energibola","planta","especial","90","10","100%","10% de reducir un nivel la Defensa Especial al rival."
"Pájaro Osado","volador","fisico","120","15","100%","Provoca un daño de retroceso al usuario equivalente al 33% del daño provocado al rival."
"Tierra Viva","tierra","especial","90","10","100%","10% de reducir un nivel la Defensa Especial al rival."
"Trapicheo","siniestro","otros","","10","100%","El usuario y el rival intercambian sus objetos durante el resto de la batalla. No funciona contra Pokémon con la habilidad Viscosidad."
"Giga Impacto","normal","fisico","150","5","90%","Impide al usuario usar un movimiento o ser intercambiado en el siguiente turno."
"Maquinación","siniestro","otros","","20","--","Aumenta dos niveles el Ataque Especial al usuario."
"Puño Bala","acero","fisico","40","30","100%","Golpea primero."
"Alud","hielo","fisico","60","10","100%","El poder base se duplica si el usuario es golpeado antes de usar este movimiento en el mismo turno."
"Canto Helado","hielo","fisico","40","30","100%","Golpea primero."
"Garra Umbría","fantasma","fisico","70","15","100%","Alta probabilidad de Golpe Crítico."
"Colmillo Rayo","electrico","fisico","65","15","95%","10% de paralizar al rival y 10% de hacer retroceder al rival. Ambos efectos son independientes y pueden ocurrir a la vez."
"Colmillo Hielo","hielo","fisico","65","15","95%","10% de congelar al rival y 10% de hacer retroceder al rival. Ambos efectos son independientes y pueden ocurrir a la vez."
"Colmillo Ígneo","fuego","fisico","65","15","95%","10% de quemar al rival y 10% de hacer retroceder al rival. Ambos efectos son independientes y pueden ocurrir a la vez."
"Sombra Vil","fantasma","fisico","40","30","100%","Golpea primero."
"Bomba Fango","tierra","especial","65","10","85%","30% de reducir un nivel la Precisión al rival."
"Psicocorte","psiquico","fisico","70","20","100%","Alta probabilidad de Golpe Crítico."
"Cabezazo Zen","psiquico","fisico","80","15","90%","20% de hacer retroceder al rival."
"Disparo Espejo","acero","especial","65","10","85%","30% de reducir un nivel la Precisión al rival."
"Foco Resplandor","acero","especial","80","10","100%","10% de reducir un nivel la Defensa Especial al rival."
"Treparrocas","normal","fisico","90","20","85%","20% de confundir al rival."
"Despejar","volador","otros","","15","--","Reduce un nivel la Evasión al rival. Elimina Reflejo, Pantalla de Luz, Velo Sagrado, Neblina, Púas, Púas Tóxicas y Trampa Rocas en el campo del Pokémon objetivo (compañero o rival)."
"Espacio Raro","psiquico","otros","","5","--","Por 5 turnos los Pokémon más lentos golpearán antes que los más rápidos. Sin efecto en movimientos de distinta prioridad, Rezagado, G. Rápida, Cola Plúmbea o Inc. Lento."
"Cometa Draco","dragon","especial","130","5","90%","100% de reducir dos niveles el Ataque Especial al usuario."
"Chispazo","electrico","especial","80","15","100%","30% de paralizar al rival."
"Humareda","fuego","especial","80","15","100%","30% de quemar al rival."
"Lluevehojas","planta","especial","130","5","90%","100% de reducir dos niveles el Ataque Especial al usuario."
"Latigazo","planta","fisico","120","10","85%","Ninguno."
"Romperrocas","roca","fisico","150","5","90%","Impide al usuario usar un movimiento o ser intercambiado en el siguiente turno."
"Veneno X","veneno","fisico","70","20","100%","10% de envenenar al rival. Alta probabilidad de Golpe Crítico."
"Lanza Mugre","veneno","fisico","120","5","80%","30% de envenenar al rival."
"Cabeza de Hierro","acero","fisico","80","15","100%","30% de hacer retroceder al rival."
"Bomba Imán","acero","fisico","60","20","--","Siempre golpea."
"Roca Afilada","roca","fisico","100","5","80%","Alta probabilidad de Golpe Crítico."
"Seducción","normal","otros","","20","100%","Si el rival es del género opuesto, baja dos niveles su Ataque Especial."
"Trampa Rocas","roca","otros","","20","--","El Pokémon que salga a luchar recibirá un daño equivalente al 12.5% de PS, que aumenta o disminuye según resistencias y debilidades al tipo Roca (3.125% a 50%)."
"Hierba Lazo","planta","especial","1","20","100%","Este movimiento tiene un poder base variable entre 20 y 120, en función del peso del Pokémon rival."
"Cháchara","volador","especial","65","20","100%","100% de confundir al rival. Sólo puede usarlo un Chatot."
"Sentencia","normal","especial","100","10","100%","El tipo del ataque depende de la Tabla equipada."
"Picadura","bicho","fisico","60","20","100%","Si el rival lleva una baya equipada, el usuario se la coge y la usa en ese instante. Kouba se activa y reduce el daño de este ataque. La baya se puede recuperar con Reciclaje."
"Rayo Carga","electrico","especial","50","10","90%","70% de aumentar un nivel el Ataque Especial al usuario."
"Mazazo","planta","fisico","120","15","100%","Provoca un daño de retroceso al usuario equivalente al 33% del daño provocado al rival."
"Acua Jet","agua","fisico","40","20","100%","Golpea primero."
"Al Ataque","bicho","fisico","90","15","100%","Alta probabilidad de Golpe Crítico."
"A Defender","bicho","otros","","10","--","Aumenta un nivel la Defensa y la Defensa Especial al usuario."
"Auxilio","bicho","otros","","10","--","El usuario recupera el 50% de su PS máximo."
"Testarazo","roca","fisico","150","5","80%","Provoca un daño de retroceso del 50% del daño provocado al Pokémon rival."
"Doble Golpe","normal","fisico","35","10","90%","Golpea 2 veces seguidas."
"Distorsión","dragon","especial","150","5","90%","Impide al usuario usar un movimiento o ser intercambiado en el siguiente turno."
"Corte Vacío","dragon","especial","100","5","95%","Alta probabilidad de Golpe Crítico."
"Danza Lunar","psiquico","otros","","10","--","El usuario cae debilitado. El Pokémon que salga a la batalla en su lugar ve recuperados sus PS, PP y estado alterado."
"Agarrón","normal","fisico","1","5","100%","El poder del movimiento es mayor cuanto más PS le quede al rival. El poder base será: 1 + (PS Actual Rival / PS Máximo Rival) x 120 (máx. 121)."
"Lluvia Ígnea","fuego","especial","100","5","75%","El Pokémon rival permanece atrapado de 4 a 5 turnos, recibiendo un daño del 12.5% del PS cada turno."
"Brecha Negra","siniestro","otros","","10","50%","Provoca Sueño."
"Fogonazo","planta","especial","120","5","85%","40% de reducir dos niveles la Defensa Especial al rival."
"Viento Aciago","fantasma","especial","60","5","100%","10% de aumentar un nivel el Ataque, la Defensa, la Velocidad, el Ataque Especial y la Defensa Especial al usuario."
"Golpe Umbrío","fantasma","fisico","120","5","100%","Precisa un turno de preparación en las tinieblas, en que es totalmente inmune. Su golpe no es evitado por Protección o Detección."
"Afilagarras","siniestro","otros","","15","--","Aumenta un nivel el Ataque y la Precisión al usuario."
"Vastaguardia","roca","otros","","10","--","Evita todo daño directo y efectos de movimientos del rival de objetivo múltiple tanto al usuario como a sus compañeros. Su precisión se reduce con cada uso consecutivo."
"Isoguardia","psiquico","otros","","10","--","Suma los stats de Defensa y Defensa Especial del usuario con los del Pokémon objetivo, otorgando la mitad a cada uno."
"Isofuerza","psiquico","otros","","10","--","Suma los stats de Ataque y Ataque Especial del usuario con los del Pokémon objetivo, otorgando la mitad a cada uno."
"Zona Extraña","psiquico","otros","","10","--","Por 5 turnos los stats de Defensa y Defensa Especial de todos los Pokémon se intercambian entre sí."
"Psicocarga","psiquico","especial","80","10","100%","Causa daño en base al Ataque Especial del usuario y la Defensa del Pokémon objetivo."
"Carga Tóxica","veneno","especial","65","10","100%","Si el Pokémon objetivo está envenenado, su poder base se dobla."
"Aligerar","acero","otros","","15","--","Aumenta dos niveles la Velocidad al usuario. Su peso queda reducido en 100 kg."
"Polvo Ira","bicho","otros","","20","--","En batallas 2vs2, los ataques que usen los Pokémon rivales ese turno golpearán al usuario, ignorando la elección de su entrenador. No afecta a los ataques con más de un objetivo."
"Telequinesis","psiquico","otros","","15","--","Hace levitar al Pokémon objetivo y reduce su Evasión durante 3 turnos. Falla si Gravedad está activado."
"Zona Mágica","psiquico","otros","","10","--","Por 5 turnos los objetos equipados por los Pokémon no surten efecto."
"Antiaéreo","roca","fisico","50","15","100%","Golpea a Pokémon en mitad de un Vuelo, Bote o Caída Libre. Los Pokémon voladores o con Levitación pierden su inmunidad a Tierra."
"Llave Corsé","lucha","fisico","60","10","100%","Siempre provoca un Golpe Crítico salvo que una habilidad o efecto lo impida."
"Pirotecnia","fuego","especial","70","15","100%","Los Pokémon cercanos al Pokémon objetivo pierden un 6.25% de su PS máximo."
"Onda Tóxica","veneno","especial","95","10","100%","10% de envenenar al rival."
"Danza Aleteo","bicho","otros","","20","--","Aumenta un nivel el Ataque Especial, la Defensa Especial y la Velocidad al usuario."
"Cuerpo Pesado","acero","fisico","1","10","100%","Este movimiento tiene un poder base variable en función del peso del usuario y del Pokémon rival."
"Sincrorruido","psiquico","especial","120","15","100%","Golpea a todos los Pokémon que compartan un tipo con el usuario."
"Bola Voltio","electrico","especial","1","10","100%","El poder base de este movimiento es mayor cuanto más rápido el usuario frente al rival, y varía entre 60 y 150."
"Anegar","agua","otros","","20","100%","Cambia el tipo del Pokémon objetivo por el tipo Agua."
"Nitrocarga","fuego","fisico","50","20","100%","Aumenta un nivel la Velocidad al usuario."
"Enrosque","veneno","otros","","20","--","Aumenta un nivel el Ataque, la Defensa y la Precisión al usuario."
"Puntapié","lucha","fisico","65","20","100%","Baja un nivel la Velocidad al rival."
"Bomba Ácida","veneno","especial","40","20","100%","Baja dos niveles la Defensa Especial al rival."
"Juego Sucio","siniestro","fisico","95","15","100%","Golpea al rival utilizando su propio stat de Ataque."
"Onda Simple","normal","otros","","15","100%","Cambia la habilidad del rival a Simple hasta que sea intercambiado."
"Danza Amiga","normal","otros","","15","100%","El rival obtiene la habilidad del usuario hasta que sea intercambiado."
"Cede Paso","normal","otros","","15","--","Siempre que el Pokémon objetivo haya elegido un ataque sin daño directo, el usuario le obliga a ejecutarlo después de él."
"Canon","normal","especial","60","15","100%","El poder base del movimiento se dobla si un compañero ya lo ha usado en el mismo turno."
"Eco Voz","normal","especial","40","15","100%","El poder base del movimiento aumenta si es usado de manera consecutiva. Cada uso adicional incrementa en 40 el poder base, máximo 200."
"Guardia Baja","normal","fisico","70","20","100%","Ignora los modificadores de stats del Pokémon objetivo."
"Niebla Clara","veneno","especial","50","15","--","Elimina todos los modificadores de stats del Pokémon objetivo."
"Poder Reserva","psiquico","especial","20","10","100%","El poder base del movimiento aumenta cuantos más modificadores positivos de stats tiene el usuario."
"Anticipo","lucha","otros","","15","--","Evita todo daño directo y efectos de movimientos del rival de alta prioridad tanto al usuario como a sus compañeros. Su precisión se reduce con cada uso consecutivo."
"Cambio Banda","psiquico","otros","","15","--","El usuario intercambia su posición con la de un Pokémon aliado."
"Escaldar","agua","especial","80","15","100%","30% de quemar al rival."
"Rompecoraza","normal","otros","","15","--","Aumenta dos niveles el Ataque, el Ataque Especial y la Velocidad del usuario, pero reduce un nivel su Defensa y Defensa Especial."
"Pulso Cura","psiquico","otros","","10","--","El Pokémon objetivo recupera el 50% de su PS máximo."
"Infortunio","fantasma","especial","65","10","100%","Si el Pokémon objetivo sufre un cambio de estado, su poder base se dobla."
"Caída Libre","volador","fisico","60","10","100%","Precisa un turno de preparación en el cielo, en el que se lleva al Pokémon rival por los aires. En el segundo turno lo suelta causando daño."
"Cambio de Marcha","acero","otros","","10","--","Aumenta dos niveles la Velocidad del usuario y un nivel su Ataque."
"Llave Giro","lucha","fisico","60","10","90%","Provoca el intercambio del Pokémon objetivo por el siguiente de su equipo en orden. Termina las batallas contra Pokémon salvajes."
"Calcinación","fuego","especial","60","15","100%","Quema la Baya del Pokémon objetivo y la hace inservible."
"Último Lugar","siniestro","otros","","15","100%","El Pokémon objetivo atacará último en el turno en que reciba este ataque."
"Acróbata","volador","fisico","55","15","100%","El poder base se duplica si el usuario no lleva equipado objeto."
"Clonatipo","normal","otros","","15","--","El tipo Pokémon del usuario cambia al tipo del Pokémon objetivo."
"Represalia","normal","fisico","70","5","100%","Si un compañero ha caído debilitado el turno anterior, su poder base se dobla."
"Sacrificio","lucha","especial","1","5","100%","El usuario cae debilitado. Provoca daño al Pokémon objetivo equivalente al PS restante del usuario."
"Ofrenda","normal","otros","","15","--","El usuario traspasa su objeto al Pokémon objetivo, siempre que éste no tenga ninguno."
"Infierno","fuego","especial","100","5","50%","100% de quemar al rival."
"Voto Agua","agua","especial","80","10","100%","Se combina con Voto Fuego y con Voto Planta."
"Voto Fuego","fuego","especial","80","10","100%","Se combina con Voto Agua y con Voto Planta."
"Voto Planta","planta","especial","80","10","100%","Se combina con Voto Agua y con Voto Fuego."
"Voltiocambio","electrico","especial","70","20","100%","El Pokémon debe ser intercambiado tras usar este ataque. Permite escapar de trampas y pseudo-trampas."
"Estoicismo","bicho","especial","50","20","100%","100% de reducir un nivel el Ataque Especial al rival."
"Terratemblor","tierra","fisico","60","20","100%","100% de reducir un nivel la Velocidad al rival."
"Vaho Gélido","hielo","especial","60","10","90%","Siempre provoca un Golpe Crítico salvo que una habilidad o efecto lo impida."
"Cola Dragón","dragon","fisico","60","10","90%","Provoca el intercambio del Pokémon objetivo por el siguiente de su equipo en orden. Termina las batallas contra Pokémon salvajes."
"Avivar","normal","otros","","30","--","Aumenta un nivel el Ataque y el Ataque Especial del usuario."
"Electrotela","electrico","especial","55","15","95%","Baja un nivel la Velocidad al rival."
"Voltio Cruel","electrico","fisico","90","15","100%","Provoca un daño de retroceso del 25% del daño provocado al Pokémon rival."
"Taladradora","tierra","fisico","80","10","95%","Alta probabilidad de Golpe Crítico."
"Golpe Bis","dragon","fisico","40","15","90%","Golpea 2 veces seguidas."
"Arrumaco","psiquico","fisico","60","25","100%","30% de hacer retroceder al rival."
"Asta Drenaje","planta","fisico","75","10","100%","El usuario recupera PS equivalente a la mitad del daño causado."
"Espada Santa","lucha","fisico","90","15","100%","Ignora los modificadores de stats del Pokémon objetivo."
"Concha Filo","agua","fisico","75","10","95%","50% de reducir un nivel la Defensa al rival."
"Golpe Calor","fuego","fisico","1","10","100%","Este movimiento tiene un poder base variable en función del peso del usuario y del Pokémon rival."
"Ciclón de Hojas","planta","especial","65","10","90%","50% de reducir un nivel la Precisión al rival."
"Rodillo de Púas","bicho","fisico","65","20","100%","30% de hacer retroceder al rival. Golpea a Pokémon que han usado Reducción con el doble de poder base e ignorando su Evasión."
"Rizo Algodón","planta","otros","","10","--","Aumenta tres niveles la Defensa del usuario."
"Pulso Noche","siniestro","especial","85","10","95%","40% de reducir un nivel la Precisión al rival."
"Onda Mental","psiquico","especial","100","10","100%","Causa daño en base al Ataque Especial del usuario y la Defensa del Pokémon objetivo."
"Plumerazo","normal","fisico","25","10","85%","Golpea de 2 a 5 veces seguidas."
"Vendaval","volador","especial","110","10","70%","30% de confundir al rival. Golpea a Pokémon en mitad de un Vuelo, Bote o Caída Libre. En Llovizna no falla. En Día Soleado tiene 50% de precisión."
"Ariete","normal","fisico","120","15","100%","Provoca un daño de retroceso del 25% del daño provocado al Pokémon rival."
"Rueda Doble","acero","fisico","50","15","85%","Golpea 2 veces seguidas."
"Bomba Ígnea","fuego","especial","100","5","100%","30% de quemar al rival."
"Tecno Shock","normal","especial","120","5","100%","El tipo del ataque depende de la ROM equipada."
"Canto Arcaico","normal","especial","75","10","100%","10% de dormir al rival."
"Sable Místico","lucha","especial","85","10","100%","Causa daño en base al Ataque Especial del usuario y la Defensa del Pokémon objetivo."
"Mundo Gélido","hielo","especial","65","10","95%","Baja un nivel la Velocidad al rival."
"Ataque Fulgor","electrico","fisico","130","5","85%","20% de paralizar al rival."
"Llama Azul","fuego","especial","130","5","85%","20% de quemar al rival."
"Danza Llama","fuego","especial","80","10","100%","50% de aumentar un nivel el Ataque Especial al usuario."
"Rayo Gélido","hielo","fisico","140","5","90%","30% de paralizar al rival. Se prepara el primer turno para atacar en el segundo."
"Llama Gélida","hielo","especial","140","5","90%","30% de quemar al rival. Se prepara el primer turno para atacar en el segundo."
"Alarido","siniestro","especial","55","15","95%","100% de reducir un nivel el Ataque Especial al rival."
"Chuzos","hielo","fisico","85","10","90%","30% de hacer retroceder al rival."
"V de Fuego","fuego","fisico","180","5","95%","Baja un nivel la Defensa, la Defensa Especial y la Velocidad al usuario."
"Llama Fusión","fuego","especial","100","5","100%","El poder base de este movimiento se duplica si otro Pokémon utiliza Rayo Fusión o Ataque Fulgor inmediatamente antes en el mismo turno."
"Rayo Fusión","electrico","fisico","100","5","100%","El poder base de este movimiento se duplica si otro Pokémon utiliza Llama Fusión o Llama Azul inmediatamente antes en el mismo turno."
"Plancha Voladora","lucha","fisico","100","10","95%","Este ataque cuenta con las efectividades combinadas de los tipos Lucha y Volador."
"Escudo Tatami","lucha","otros","","10","--","Evita todo daño directo y efectos de movimientos del rival para él y sus aliados. No evita movimientos de estado. Sólo puede ser utilizado el primer turno del usuario tras ser intercambiado."
"Eructo","veneno","especial","120","10","90%","El usuario debe haber consumido una Baya para usar este ataque, de lo contrario fallará."
"Fertilizante","tierra","otros","","10","--","Aumenta un nivel el Ataque y el Ataque Especial a todos los Pokémon de tipo Planta en combate."
"Red Viscosa","bicho","otros","","20","--","El Pokémon que salga a luchar verá reducida su Velocidad en un nivel. No afecta a Pokémon voladores o levitadores."
"Aguijón Letal","bicho","fisico","50","25","100%","Aumenta dos niveles el Ataque al usuario cuando este ataque debilita a un Pokémon rival."
"Golpe Fantasma","fantasma","fisico","90","10","100%","Precisa un turno de preparación en las tinieblas, en que es totalmente inmune. Su golpe no es evitado por Protección o Detección."
"Halloween","fantasma","otros","","20","100%","El Pokémon objetivo adquiere el tipo Fantasma, conservando sus anteriores tipos."
"Rugido de Guerra","normal","otros","","30","100%","Baja un nivel el Ataque y el Ataque Especial al rival."
"Cortina Plasma","electrico","otros","","25","--","Los movimientos de tipo Normal pasan a ser de tipo Eléctrico."
"Carga Parábola","electrico","especial","65","20","100%","El usuario recupera PS equivalente a la mitad del daño causado."
"Condena Silvana","planta","otros","","20","100%","El Pokémon objetivo adquiere el tipo Planta, conservando sus anteriores tipos."
"Tormenta Floral","planta","fisico","90","15","100%","Ninguno."
"Liofilización","hielo","especial","70","20","100%","10% de congelar al rival. Es muy efectivo contra Pokémon de tipo Agua."
"Voz Cautivadora","hada","especial","40","15","--","Siempre golpea."
"Última Palabra","siniestro","otros","","20","100%","Baja un nivel el Ataque y el Ataque Especial al rival. El Pokémon debe ser intercambiado tras usar este ataque. Permite escapar de trampas y pseudo-trampas."
"Reversión","siniestro","otros","","20","--","Invierte las alteraciones de estadísticas del Pokémon objetivo, de manera que los aumentos se vuelven reducciones y viceversa."
"Beso Drenaje","hada","especial","50","20","100%","El usuario recupera PS equivalente al 75% del daño causado."
"Truco Defensa","hada","otros","","10","--","Evita todo efecto de movimientos del rival para él y sus aliados. Su precisión se reduce con cada uso consecutivo. No evita movimientos de daño directo."
"Defensa Floral","hada","otros","","10","--","Aumenta un nivel la Defensa a todos los Pokémon de tipo Planta en combate."
"Campo de Hierba","planta","otros","","10","--","Crea un campo de niebla durante 5 turnos. Los Pokémon en el suelo recuperan un 6.25% de su PS máximo al final de cada turno, y el poder de los ataques de tipo Planta aumenta un 50%."
"Campo de Niebla","hada","otros","","10","--","Crea un campo de niebla durante 5 turnos. Los Pokémon en el suelo no pueden ver alterado su estado, y reciben la mitad de daño de ataques de tipo Dragón."
"Electrificación","electrico","otros","","20","--","Si el Pokémon objetivo aún no ha realizado su movimiento en el mismo turno, dicho movimiento se vuelve de tipo Eléctrico."
"Carantoña","hada","fisico","90","10","90%","10% de reducir un nivel el Ataque al rival."
"Viento Feérico","hada","especial","40","30","100%","Ninguno."
"Fuerza Lunar","hada","especial","95","15","100%","30% de reducir un nivel el Ataque Especial al rival."
"Estruendo","normal","especial","140","10","100%","Ninguno."
"Cerrojo Feérico","hada","otros","","10","--","Impide al rival ser intercambiado en el siguiente turno, salvo usando Relevo, Ida y Vuelta, Voltiocambio o Última Palabra, o si tiene Muda Concha o Botón Escape."
"Escudo Real","acero","otros","","10","--","Evita todo daño directo de movimientos del rival. Su precisión se reduce con cada uso consecutivo. Reduce dos niveles el Ataque del Pokémon que intente tocarlo."
"Camaradería","normal","otros","","20","--","Baja un nivel el Ataque al rival. Golpea aunque el rival use Protección, Detección o Barrera Espinosa ese turno, los cuales se ven anulados."
"Confidencia","normal","otros","","20","--","Baja un nivel el Ataque Especial al rival. Golpea aunque el rival use Protección, Detección o Barrera Espinosa ese turno, los cuales se ven anulados."
"Torm. Diamantes","roca","fisico","100","5","95%","50% de aumentar dos niveles la Defensa al usuario."
"Chorro de Vapor","agua","especial","110","5","95%","30% de quemar al rival."
"Paso Dimensional","psiquico","especial","80","5","--","Golpea aunque el rival use Protección, Detección, Vastaguardia o Anticipo ese turno."
"Shuriken de Agua","agua","fisico","15","20","100%","Golpea de 2 a 5 veces seguidas. Golpea primero."
"Llama Embrujada","fuego","especial","75","10","100%","100% de reducir un nivel el Ataque Especial al rival."
"Barrera Espinosa","planta","otros","","10","--","Evita todo daño directo y efectos de movimientos del rival. Su precisión se reduce con cada uso consecutivo. Provoca daño de un 12.5% del PS máximo del Pokémon que intente tocarlo."
"Niebla Aromática","hada","otros","","20","--","Aumenta un nivel la Defensa Especial al usuario y sus aliados."
"Onda Anómala","electrico","otros","","15","100%","Baja dos niveles el Ataque Especial al rival."
"Trampa Venenosa","veneno","otros","","20","100%","Baja un nivel el Ataque, el Ataque Especial y la Velocidad al rival si está envenenado o intoxicado."
"Polvo Explosivo","bicho","otros","","20","100%","Provoca que el rival se haga daño a sí mismo si usa un ataque de tipo Fuego ese mismo turno."
"Geocontrol","hada","otros","","10","--","Se prepara en el primer turno para aumentar dos niveles su Ataque Especial, su Defensa Especial y su Velocidad en el segundo."
"Aura Magnética","electrico","otros","","20","--","Aumenta un nivel la Defensa y la Defensa Especial al usuario y sus aliados con la habilidad Más o Menos."
"Paga Extra","normal","otros","","30","100%","Duplica el dinero ganado tras batallas contra entrenadores del juego."
"Campo Eléctrico","electrico","otros","","10","--","Crea un campo eléctrico durante 5 turnos. Los Pokémon en el suelo no pueden ser dormidos."
"Brillo Mágico","hada","especial","80","10","100%","Ninguno."
"Celebración","normal","otros","","40","--","No hace nada."
"Manos Juntas","normal","otros","","40","--","El Pokémon baila con su aliado en un combate múltiple."
"Ojitos Tiernos","hada","otros","","30","100%","Baja un nivel el Ataque al rival. Golpea primero."
"Moflete Estático","electrico","fisico","20","20","100%","100% de paralizar al rival."
"Clemencia","normal","fisico","40","40","100%","Deja al rival con al menos 1 PS."
"Acoso","bicho","especial","20","20","100%","El Pokémon rival permanece atrapado de 4 a 5 turnos, recibiendo un daño del 12.5% del PS cada turno."
"Puño Incremento","lucha","fisico","40","30","100%","Aumenta un nivel el Ataque al usuario cada vez que golpea a un Pokémon rival."
"Ala Mortífera","volador","especial","80","10","100%","El usuario recupera PS equivalente al 75% del daño causado."
"Mil Flechas","tierra","fisico","90","10","100%","Golpea a Pokémon en mitad de un Vuelo, Bote o Caída Libre. Los Pokémon voladores o con Levitación pierden su inmunidad a Tierra."
"Mil Temblores","tierra","fisico","90","10","100%","El Pokémon rival permanece atrapado de 4 a 5 turnos, recibiendo un daño del 12.5% del PS cada turno."
"Fuerza Telúrica","tierra","fisico","90","10","100%","Ninguno."
"Luz Aniquiladora","hada","especial","140","5","90%","Provoca un daño de retroceso del 50% del daño provocado al Pokémon rival."
"Pulso Primigenio","agua","especial","110","10","85%","Ninguno."
"Filo del Abismo","tierra","fisico","120","10","85%","Ninguno."
"Ascenso Draco","volador","fisico","120","5","100%","Baja un nivel la Defensa y la Defensa Especial al usuario."
"Cerco Dimensión","siniestro","fisico","100","5","--","Golpea aunque el rival use Protección, Detección, Vastaguardia o Anticipo ese turno. Baja un nivel la Defensa al usuario."
"Carrera Arrolladora","normal","ambos","1","1","--","Movimiento Z que sólo puede ser usado una vez por combate. Sólo puede ser utilizado por un Pokémon con el Cristal Z correspondiente. Su potencia depende del movimiento original."
"Ráfaga Demoledora","lucha","ambos","1","1","--","Movimiento Z que sólo puede ser usado una vez por combate. Sólo puede ser utilizado por un Pokémon con el Cristal Z correspondiente. Su potencia depende del movimiento original."
"Picado Supersónico","volador","ambos","1","1","--","Movimiento Z que sólo puede ser usado una vez por combate. Sólo puede ser utilizado por un Pokémon con el Cristal Z correspondiente. Su potencia depende del movimiento original."
"Diluvio Corrosivo","veneno","ambos","1","1","--","Movimiento Z que sólo puede ser usado una vez por combate. Sólo puede ser utilizado por un Pokémon con el Cristal Z correspondiente. Su potencia depende del movimiento original."
"Barrena Telúrica","tierra","ambos","1","1","--","Movimiento Z que sólo puede ser usado una vez por combate. Sólo puede ser utilizado por un Pokémon con el Cristal Z correspondiente. Su potencia depende del movimiento original."
"Aplastamiento Gigalítico","roca","ambos","1","1","--","Movimiento Z que sólo puede ser usado una vez por combate. Sólo puede ser utilizado por un Pokémon con el Cristal Z correspondiente. Su potencia depende del movimiento original."
"Guadaña Sedosa","bicho","ambos","1","1","--","Movimiento Z que sólo puede ser usado una vez por combate. Sólo puede ser utilizado por un Pokémon con el Cristal Z correspondiente. Su potencia depende del movimiento original."
"Presa Espectral","fantasma","ambos","1","1","--","Movimiento Z que sólo puede ser usado una vez por combate. Sólo puede ser utilizado por un Pokémon con el Cristal Z correspondiente. Su potencia depende del movimiento original."
"Hélice Trepanadora","acero","ambos","1","1","--","Movimiento Z que sólo puede ser usado una vez por combate. Sólo puede ser utilizado por un Pokémon con el Cristal Z correspondiente. Su potencia depende del movimiento original."
"Hecatombe Pírica","fuego","ambos","1","1","--","Movimiento Z que sólo puede ser usado una vez por combate. Sólo puede ser utilizado por un Pokémon con el Cristal Z correspondiente. Su potencia depende del movimiento original."
"Hidrovórtice Abisal","agua","ambos","1","1","--","Movimiento Z que sólo puede ser usado una vez por combate. Sólo puede ser utilizado por un Pokémon con el Cristal Z correspondiente. Su potencia depende del movimiento original."
"Megatón Floral","planta","ambos","1","1","--","Movimiento Z que sólo puede ser usado una vez por combate. Sólo puede ser utilizado por un Pokémon con el Cristal Z correspondiente. Su potencia depende del movimiento original."
"Gigavoltio Destructor","electrico","ambos","1","1","--","Movimiento Z que sólo puede ser usado una vez por combate. Sólo puede ser utilizado por un Pokémon con el Cristal Z correspondiente. Su potencia depende del movimiento original."
"Disruptor Psíquico","psiquico","ambos","1","1","--","Movimiento Z que sólo puede ser usado una vez por combate. Sólo puede ser utilizado por un Pokémon con el Cristal Z correspondiente. Su potencia depende del movimiento original."
"Crioaliento Despiadado","hielo","ambos","1","1","--","Movimiento Z que sólo puede ser usado una vez por combate. Sólo puede ser utilizado por un Pokémon con el Cristal Z correspondiente. Su potencia depende del movimiento original."
"Dracoaliento Devastador","dragon","ambos","1","1","--","Movimiento Z que sólo puede ser usado una vez por combate. Sólo puede ser utilizado por un Pokémon con el Cristal Z correspondiente. Su potencia depende del movimiento original."
"Agujero Negro Aniquilador","siniestro","ambos","1","1","--","Movimiento Z que sólo puede ser usado una vez por combate. Sólo puede ser utilizado por un Pokémon con el Cristal Z correspondiente. Su potencia depende del movimiento original."
"Arrumaco Sideral","hada","ambos","1","1","--","Movimiento Z que sólo puede ser usado una vez por combate. Sólo puede ser utilizado por un Pokémon con el Cristal Z correspondiente. Su potencia depende del movimiento original."
"Pikavoltio Letal","electrico","fisico","210","1","--","Movimiento Z que sólo puede ser usado una vez por combate. Sólo puede ser utilizado por Pikachu con Pikastal Z equipado."
"Recogearena","tierra","otros","","10","--","El usuario recupera 66.6% PS en Tormenta de Arena, y 50% PS si no hay clima o en Día Soleado, Llovizna o Granizo."
"Escaramuza","bicho","fisico","90","10","100%","Golpea primero. Sólo puede ser utilizado con éxito el primer turno de ataque del usuario tras ser intercambiado."
"Búnker","veneno","otros","","10","--","Evita todo daño directo y efectos de movimientos del rival. Su precisión se reduce con cada uso consecutivo. Provoca Envenenamiento si un Pokémon hace contacto."
"Puntada Sombría","fantasma","fisico","80","10","100%","Impide al rival ser intercambiado, salvo usando Relevo, Ida y Vuelta, Voltiocambio o Última Palabra, o si tiene Muda Concha o Botón Escape."
"Lariat Oscuro","siniestro","fisico","85","10","100%","Ignora los modificadores de stats del Pokémon objetivo."
"Aria Burbuja","agua","especial","90","10","100%","Si el Pokémon rival se encuentra Quemado, este ataque le cura la Quemadura al rival."
"Martillo Hielo","hielo","fisico","100","10","90%","Baja un nivel la Velocidad al usuario."
"Cura Floral","hada","otros","","10","--","El Pokémon objetivo recupera 66.6% PS en Campo de Hierba, y 50% PS si no hay campo o en Campo Eléctrico, Campo Psíquico o Campo de Niebla."
"Fuerza Equina","tierra","fisico","95","10","95%","Ninguno."
"Absorbefuerza","planta","otros","","10","100%","100% de reducir un nivel el Ataque al rival. El usuario recupera PS equivalente al Ataque del Pokémon objetivo antes de dicha reducción."
"Cuchilla Solar","planta","fisico","125","10","100%","Precisa un turno de carga, salvo en Día Soleado. En Llovizna, Granizo y Tormenta de Arena su poder base es la mitad."
"Follaje","planta","fisico","40","40","100%","Ninguno."
"Foco","normal","otros","","15","--","En batallas múltiples, los ataques que usen los otros Pokémon ese turno golpearán al Pokémon objetivo, ignorando la elección de su entrenador. No afecta a los ataques varios objetivos."
"Hilo Venenoso","veneno","otros","","20","100%","100% de reducir un nivel la Velocidad al rival. Provoca Envenenamiento."
"Aguzar","normal","otros","","30","--","Garantiza que el ataque que realice el usuario el siguiente turno sea Golpe Crítico."
"Piñón Auxiliar","acero","otros","","20","--","Aumenta un nivel el Ataque y el Ataque Especial al usuario y sus aliados con la habilidad Más o Menos."
"Golpe Mordaza","siniestro","fisico","80","15","100%","El Pokémon rival no puede usar movimientos de sonido durante 2 turnos."
"Bola de Polen","bicho","especial","90","15","100%","Si el Pokémon objetivo es un aliado, este movimiento recupera el 50% de su PS máximo en lugar de hacerle daño."
"Anclaje","acero","fisico","80","20","100%","Impide al rival ser intercambiado, salvo usando Relevo, Ida y Vuelta, Voltiocambio o Última Palabra, o si tiene Muda Concha o Botón Escape."
"Campo Psíquico","psiquico","otros","","10","--","Crea un campo psíquico durante 5 turnos. Los Pokémon en el suelo no pueden ser afectados por movimientos con prioridad."
"Plancha","bicho","fisico","80","15","100%","100% de reducir un nivel el Ataque al rival."
"Látigo Ígneo","fuego","fisico","80","15","100%","100% de reducir un nivel la Defensa al rival."
"Chulería","siniestro","fisico","20","10","100%","El poder base del movimiento aumenta cuantos más modificadores positivos de stats tiene el usuario."
"Llama Final","fuego","especial","130","5","100%","El usuario perderá su tipo Fuego (si lo tiene), con lo que ello afecta a sus inmunidades, debilidades y resistencias."
"Cambia Velocidad","psiquico","otros","","10","--","El usuario intercambia su estadística de Velocidad con el rival."
"Cuerno Certero","acero","fisico","70","10","--","Siempre golpea."
"Purificación","veneno","otros","","20","--","Cura cualquier problema de estado del Pokémon objetivo. Si lo hace, el usuario recupera el 50% de su PS máximo."
"Danza Despertar","normal","especial","90","15","100%","El tipo del ataque depende del primer tipo del usuario."
"Núcleo Castigo","dragon","especial","100","10","100%","Si el Pokémon rival ya ha usado un movimiento este turno, cancela el efecto de su habilidad mientras no sea intercambiado."
"Patada Tropical","planta","fisico","70","15","100%","100% de reducir un nivel el Ataque al rival."
"Mandato","psiquico","otros","","15","--","El Pokémon objetivo ejecuta inmediatamente el último movimiento que haya usado en combate."
"Pico Cañón","volador","fisico","100","15","100%","Ataca último y provoca Quemadura a todo Pokémon que lo golpee mientras se carga."
"Fragor Escamas","dragon","especial","110","5","100%","100% de reducir un nivel la Defensa al usuario."
"Martillo Dragón","dragon","fisico","90","15","100%","Ninguno."
"Giro Vil","siniestro","fisico","60","20","100%","Golpea a todos los Pokémon adyacentes al usuario haciendo contacto en todos ellos."
"Velo Aurora","hielo","otros","","20","--","Reduce el daño provocado a tu Pokémon por ataques físicos y especiales del rival en un 50% (33% en 2vs2) durante 5 turnos. Sólo se puede usar durante Granizo."
"Aluvión de Flechas Sombrías","fantasma","fisico","180","1","--","Movimiento Z que sólo puede ser usado una vez por combate. Sólo puede ser utilizado por Decidueye con Dueyestal Z equipado."
"Hiperplancha Oscura","siniestro","fisico","180","1","--","Movimiento Z que sólo puede ser usado una vez por combate. Sólo puede ser utilizado por Incineroar con Incinostal Z equipado."
"Sinfonía de la Diva Marina","agua","especial","195","1","--","Movimiento Z que sólo puede ser usado una vez por combate. Sólo puede ser utilizado por Primarina con Primastal Z equipado."
"Cólera del Guardián","hada","especial","1","1","--","Movimiento Z que sólo puede ser usado una vez por combate. Sólo puede ser utilizado por Tapu Koko, Tapu Lele, Tapu Fini o Tapu Bulu con Tapistal Z equipado. Causa un daño equivalente al 75% del PS que le queda al Pokémon rival."
"Constelación Robaalmas","fantasma","fisico","195","1","--","Movimiento Z que sólo puede ser usado una vez por combate. Sólo puede ser utilizado por Marshadow con Marshastal Z equipado."
"Surfeo Galvánico","electrico","especial","175","1","--","Movimiento Z que sólo puede ser usado una vez por combate. Sólo puede ser utilizado por Raichu de Alola con Alo-Raistal Z equipado. 100% de paralizar al rival."
"Arrojo Intempestivo","normal","fisico","210","1","--","Movimiento Z que sólo puede ser usado una vez por combate. Sólo puede ser utilizado por Snorlax con Snorlastal Z equipado."
"Novena Potencia","normal","otros","","1","--","Movimiento Z que sólo puede ser usado una vez por combate. Sólo puede ser utilizado por Eevee con Eeveestal Z equipado. Aumenta dos niveles el Ataque, la Defensa, el Ataque Especial, la Defensa Especial y la Velocidad al usuario."
"Supernova Original","psiquico","especial","185","1","--","Movimiento Z que sólo puede ser usado una vez por combate. Sólo puede ser utilizado por Mew con Mewstal Z equipado. Crea un Campo Psíquico durante 5 turnos."
"Coraza Trampa","fuego","especial","150","5","100%","Ataca último solamente si ha recibido un ataque físico del Pokémon rival durante el mismo turno."
"Cañón Floral","hada","especial","130","5","90%","100% de reducir dos niveles el Ataque Especial al usuario."
"Psicocolmillo","psiquico","fisico","85","10","100%","Destruye Pantalla de Luz, Reflejo y Velo Aurora, incluso si falla."
"Pataleta","tierra","fisico","75","10","100%","El poder base se duplica si el usuario falló el último movimiento usado."
"Hueso Sombrío","fantasma","fisico","85","10","100%","20% de reducir un nivel la Defensa al rival."
"Roca Veloz","roca","fisico","40","20","100%","Golpea primero."
"Hidroariete","agua","fisico","85","10","100%","20% de reducir un nivel la Defensa al rival."
"Láser Prisma","psiquico","especial","160","10","100%","Impide al usuario usar un movimiento o ser intercambiado en el siguiente turno."
"Robasombra","fantasma","fisico","90","10","100%","El usuario obtiene los modificadores positivos de todos los stats del rival antes de atacarle."
"Meteoimpacto","acero","fisico","100","5","100%","Ignora las habilidades de los Pokémon en juego."
"Rayo Umbrío","fantasma","especial","100","5","100%","Ignora las habilidades de los Pokémon en juego."
"Ojos Llorosos","normal","otros","","20","--","Baja un nivel el Ataque y el Ataque Especial al rival."
"Electropunzada","electrico","fisico","80","10","100%","30% de hacer retroceder al rival."
"Furia Natural","hada","especial","1","10","90%","Causa un daño equivalente a la mitad del PS que le queda al Pokémon rival."
"Multiataque","normal","fisico","90","10","100%","El tipo del ataque depende de la Memoria equipada."
"Gigarrayo Fulminante","electrico","especial","195","1","--","Movimiento Z que sólo puede ser usado una vez por combate. Sólo puede ser utilizado por Pikachu con gorra con Ash-Pikastal Z equipado. Alta probabilidad de Golpe Crítico."
"Cabeza Sorpresa","fuego","especial","150","5","100%","El usuario recibe un daño equivalente al 50% de su PS máximo."
"Puños Plasma","electrico","fisico","100","15","100%","Los movimientos de tipo Normal pasan a ser de tipo Eléctrico."
"Géiser Fotónico","psiquico","especial","100","5","100%","El daño de este ataque se calcula con el stat de Ataque o de Ataque Especial, en función de cuál sea más alto."
"Fotodestrucción Apocalíptica","psiquico","especial","200","1","--","Movimiento Z que sólo puede ser usado una vez por combate. Sólo puede ser utilizado por Necrozma con Ultranecrostal Z equipado. El daño de este ataque se calcula con el stat de Ataque o de Ataque Especial, en función de cuál sea más alto."
"Embestida Solar","acero","fisico","200","1","--","Movimiento Z que sólo puede ser usado una vez por combate. Sólo puede ser utilizado por Solgaleo con Solgaleostal Z equipado. Ignora las habilidades de los Pokémon en juego."
"Deflagración Lunar","fantasma","especial","200","1","--","Movimiento Z que sólo puede ser usado una vez por combate. Sólo puede ser utilizado por Lunala con Lunalastal Z equipado. Ignora las habilidades de los Pokémon en juego."
"Somanta Amistosa","hada","fisico","190","1","--","Movimiento Z que sólo puede ser usado una vez por combate. Sólo puede ser utilizado por Mimikyu con Mimikyustal Z equipado."
"Tempestad Rocosa","roca","fisico","190","1","--","Movimiento Z que sólo puede ser usado una vez por combate. Sólo puede ser utilizado por Lycanroc con Lycanrostal Z equipado. Anula los efectos del campo que haya en el terreno de combate."
"Estruendo Implacable","dragon","especial","185","1","--","Movimiento Z que sólo puede ser usado una vez por combate. Sólo puede ser utilizado por Kommo-o con Kommostal Z equipado. Aumenta un nivel el Ataque, la Defensa, la Velocidad, el Ataque Especial y la Defensa Especial al usuario."
"Pikaturbo","electrico","fisico","50","15","100%","Golpea primero. Siempre provoca un Golpe Crítico salvo que una habilidad o efecto lo impida."
"Salpikasurf","agua","especial","90","15","100%","30% de paralizar al rival."
"Pikapicado","volador","fisico","90","15","95%","30% de hacer retroceder al rival."
"Pikatormenta","electrico","especial","1","20","--","Su poder base depende de la Felicidad del Pokémon, entre 0 y 102."
"Vapodrenaje","agua","especial","90","15","100%","El usuario recupera PS equivalente a la mitad del daño causado."
"Joltioparálisis","electrico","especial","90","15","100%","100% de paralizar al rival."
"Flarembestida","fuego","fisico","90","15","100%","100% de quemar al rival."
"Espeaura","psiquico","especial","90","15","100%","Reduce el daño provocado a tu Pokémon por ataques especiales del rival en un 50% (33% en 2vs2) durante 5 turnos."
"Umbreozona","siniestro","especial","90","15","100%","Reduce el daño provocado a tu Pokémon por ataques físicos del rival en un 50% (33% en 2vs2) durante 5 turnos."
"Leafitobombas","planta","fisico","90","15","100%","100% de poner Drenadoras al rival."
"Glaceoprisma","hielo","especial","90","15","100%","Elimina todos los modificadores de stats de todos los Pokémon."
"Sylveotornado","hada","especial","90","15","100%","Cura cualquier problema de estado de cualquier miembro de tu equipo."
"Eevimpacto","normal","fisico","1","20","--","Su poder base depende de la Felicidad del Pokémon, entre 0 y 102."
"Ferropuño Doble","acero","fisico","60","5","100%","30% de hacer retroceder al rival. Golpea 2 veces seguidas."
