"Abomasnowita","Sexta","No está a la venta","No se puede vender","Megapiedra"
"Abono Brote","Sexta","No está a la venta","No se puede vender","Megapiedra"
"Abono del TMV","Sexta","    X        Y    ","No se puede vender","Objeto clave"
"Abono Fértil","Sexta","    X        Y    ","No se puede vender","Objeto clave"
"Abono Fijador","Sexta","    X        Y    ","No se puede vender","Objeto clave"
"Abono Fructífero","Sexta","    X        Y    ","No se puede vender","Objeto clave"
"Abono Insólito","Sexta","    X        Y    ","No se puede vender","Objeto clave"
"Abono Lento","Sexta","    X        Y    ","No se puede vender","Objeto clave"
"Abono Rápido","Sexta","    X        Y    ","No se puede vender","Objeto clave"
"Abono Sorpresa","Sexta","    X        Y    ","No se puede vender","Objeto clave"
"Absolita","Sexta","No está a la venta","No se puede vender","Megapiedra"
"Acopio Ball","Sexta","No está a la venta","No se puede vender","Megapiedra"
"Acromáquina","Sexta","   N2      B2   ","No se puede vender","Objeto clave"
"Activaobjeto","Sexta","   N2      B2   ","No se puede vender","Objeto clave"
"Aerodactylita","Sexta","No está a la venta","No se puede vender","Megapiedra"
"Aerostal Z","Séptima","No está a la venta","No se puede vender","Cristal Z"
"Aggronita","Sexta","No está a la venta","No se puede vender","Megapiedra"
"Agua Fresca","Primera","200","1001","Comida Pokémon"
"Agua Mística","Segunda","No está a la venta","50","Objeto potenciador"
"Ala Arcoíris","Segunda","No está a la venta","50","Objeto potenciador"
"Alakazamita","Sexta","No está a la venta","No se puede vender","Megapiedra"
"Alo-Raistal Z","Séptima","No está a la venta","No se puede vender","Cristal Z"
"Altarianita","Séptima","No se puede vender","No se puede vender","Megapiedra"
"Ámbar Viejo","Primera","No está a la venta","5001","Fósil"
"Amigo Ball","Primera","No está a la venta","5001","Fósil"
"Amor Ball","Primera","No está a la venta","5001","Fósil"
"Ampharosita","Sexta","No está a la venta","No se puede vender","Megapiedra"
"Amuleto","Segunda","No está a la venta","100","Lista de objetos"
"Amuleto Iris","Segunda","No está a la venta","100","Lista de objetos"
"Amuleto Oval","Segunda","No está a la venta","100","Lista de objetos"
"Ánfora","Segunda","No está a la venta","100","Lista de objetos"
"Antiderretir","Segunda","No está a la venta","50","Objeto potenciador"
"Antídoto","Segunda","No está a la venta","50","Objeto potenciador"
"Antihielo","Primera","250","125","Restaurador de estado"
"Antiparalizador","Primera","200","100","Restaurador de estado"
"Antiquemar","Primera","250","125","Restaurador de estado"
"Arca de Zygarde","Primera","    S        L    ","125","Objeto clave"
"Arena Fina","Segunda","No está a la venta","50","Objeto potenciador"
"Ash-Pikastal Z","Séptima","No está a la venta","No se puede vender","Cristal Z"
"Ataque X","Séptima","No está a la venta","No se puede vender","Cristal Z"
"Ataque X 2","Séptima","No está a la venta","No se puede vender","Cristal Z"
"Ataque X 3","Séptima","No está a la venta","No se puede vender","Cristal Z"
"Ataque X 6","Séptima","No está a la venta","No se puede vender","Cristal Z"
"Audinita","Séptima","No se puede vender","No se puede vender","Megapiedra"
"Banda Atadura","Séptima","No se puede vender","No se puede vender","Megapiedra"
"Banda Focus","Cuarta","No está a la venta","100","Lista de objetos"
"Banda Recia","Cuarta","No está a la venta","100","Lista de objetos"
"Banettita","Sexta","No está a la venta","No se puede vender","Megapiedra"
"Barrita Plus","Sexta","No está a la venta","No se puede vender","Megapiedra"
"Baya Acardo","Sexta","No está a la venta","No se puede vender","Megapiedra"
"Baya Alcho","Sexta","No está a la venta","No se puede vender","Megapiedra"
"Baya Algama","Sexta","No está a la venta","No se puede vender","Megapiedra"
"Baya Andano","Sexta","No está a la venta","No se puede vender","Megapiedra"
"Baya Ango","Sexta","No está a la venta","No se puede vender","Megapiedra"
"Baya Anjiro","Sexta","No está a la venta","No se puede vender","Megapiedra"
"Baya Aostan","Sexta","No está a la venta","No se puede vender","Megapiedra"
"Baya Arabol","Sexta","No está a la venta","No se puede vender","Megapiedra"
"Baya Aranja","Sexta","No está a la venta","No se puede vender","Megapiedra"
"Baya Aricoc","Sexta","No está a la venta","No se puede vender","Megapiedra"
"Baya Aslac","Sexta","No está a la venta","No se puede vender","Megapiedra"
"Baya Atania","Sexta","No está a la venta","No se puede vender","Megapiedra"
"Baya Baribá","Sexta","No está a la venta","No se puede vender","Megapiedra"
"Baya Biglia","Sexta","No está a la venta","No se puede vender","Megapiedra"
"Baya Caoca","Sexta","No está a la venta","No se puede vender","Megapiedra"
"Baya Caquic","Sexta","No está a la venta","No se puede vender","Megapiedra"
"Baya Chilan","Sexta","No está a la venta","No se puede vender","Megapiedra"
"Baya Chiri","Sexta","No está a la venta","No se puede vender","Megapiedra"
"Baya Dillo","Sexta","No está a la venta","No se puede vender","Megapiedra"
"Baya Drasi","Sexta","No está a la venta","No se puede vender","Megapiedra"
"Baya Enigma","Sexta","No está a la venta","No se puede vender","Megapiedra"
"Baya Frambu","Sexta","No está a la venta","No se puede vender","Megapiedra"
"Baya Gonlan","Sexta","No está a la venta","No se puede vender","Megapiedra"
"Baya Grana","Sexta","No está a la venta","No se puede vender","Megapiedra"
"Baya Gualot","Sexta","No está a la venta","No se puede vender","Megapiedra"
"Baya Guaya","Sexta","No está a la venta","No se puede vender","Megapiedra"
"Baya Hibis","Sexta","No está a la venta","No se puede vender","Megapiedra"
"Baya Higog","Sexta","No está a la venta","No se puede vender","Megapiedra"
"Baya Ispero","Sexta","No está a la venta","No se puede vender","Megapiedra"
"Baya Jaboca","Sexta","No está a la venta","No se puede vender","Megapiedra"
"Baya Kebia","Sexta","No está a la venta","No se puede vender","Megapiedra"
"Baya Kouba","Sexta","No está a la venta","No se puede vender","Megapiedra"
"Baya Lagro","Sexta","No está a la venta","No se puede vender","Megapiedra"
"Baya Latano","Sexta","No está a la venta","No se puede vender","Megapiedra"
"Baya Lichi","Sexta","No está a la venta","No se puede vender","Megapiedra"
"Baya Magua","Sexta","No está a la venta","No se puede vender","Megapiedra"
"Baya Mais","Sexta","No está a la venta","No se puede vender","Megapiedra"
"Baya Maranga","Sexta","No está a la venta","No se puede vender","Megapiedra"
"Baya Meloc","Sexta","No está a la venta","No se puede vender","Megapiedra"
"Baya Meluce","Sexta","No está a la venta","No se puede vender","Megapiedra"
"Baya Monli","Sexta","No está a la venta","No se puede vender","Megapiedra"
"Baya Oram","Sexta","No está a la venta","No se puede vender","Megapiedra"
"Baya Pabaya","Sexta","No está a la venta","No se puede vender","Megapiedra"
"Baya Pasio","Sexta","No está a la venta","No se puede vender","Megapiedra"
"Baya Payapa","Sexta","No está a la venta","No se puede vender","Megapiedra"
"Baya Peragu","Sexta","No está a la venta","No se puede vender","Megapiedra"
"Baya Perasi","Sexta","No está a la venta","No se puede vender","Megapiedra"
"Baya Pinia","Sexta","No está a la venta","No se puede vender","Megapiedra"
"Baya Plama","Sexta","No está a la venta","No se puede vender","Megapiedra"
"Baya Pomaro","Sexta","No está a la venta","No se puede vender","Megapiedra"
"Baya Rautan","Sexta","No está a la venta","No se puede vender","Megapiedra"
"Baya Rimoya","Sexta","No está a la venta","No se puede vender","Megapiedra"
"Baya Rudion","Sexta","No está a la venta","No se puede vender","Megapiedra"
"Baya Safre","Sexta","No está a la venta","No se puede vender","Megapiedra"
"Baya Sambia","Sexta","No está a la venta","No se puede vender","Megapiedra"
"Baya Tamar","Sexta","No está a la venta","No se puede vender","Megapiedra"
"Baya Tamate","Sexta","No está a la venta","No se puede vender","Megapiedra"
"Baya Uvav","Sexta","No está a la venta","No se puede vender","Megapiedra"
"Baya Wikano","Sexta","No está a la venta","No se puede vender","Megapiedra"
"Baya Wiki","Sexta","No está a la venta","No se puede vender","Megapiedra"
"Baya Yapati","Sexta","No está a la venta","No se puede vender","Megapiedra"
"Baya Yecana","Sexta","No está a la venta","No se puede vender","Megapiedra"
"Baya Zanama","Sexta","No está a la venta","No se puede vender","Megapiedra"
"Baya Zidra","Sexta","No está a la venta","No se puede vender","Megapiedra"
"Baya Ziuela","Sexta","No está a la venta","No se puede vender","Megapiedra"
"Baya Zonlan","Sexta","No está a la venta","No se puede vender","Megapiedra"
"Baya Zreza","Sexta","No está a la venta","No se puede vender","Megapiedra"
"Beedrillita","Sexta","No está a la venta","No se puede vender","Megapiedra"
"Bici","Sexta","Todos 1","No se puede vender","Objeto clave"
"Bici Acrobática","Sexta","Todos 1","No se puede vender","Objeto clave"
"Bici de Carreras","Sexta","Todos 1","No se puede vender","Objeto clave"
"Blanco","Quinta","No está a la venta","100","Lista de objetos"
"Blastoisita","Sexta","10,000-1,000,000","No se puede vender","Megapiedra"
"Blazikenita","Sexta","1500","No se puede vender","Megapiedra"
"Bloc Unown","Sexta","   HG      SS   ","No se puede vender","Objeto clave"
"Bola de Nieve","Sexta","   HG      SS   ","No se puede vender","Objeto clave"
"Bola Férrea","Sexta","   HG      SS   ","No se puede vender","Objeto clave"
"Bola Humo","Sexta","   HG      SS   ","No se puede vender","Objeto clave"
"Bola Luminosa","Sexta","   HG      SS   ","No se puede vender","Objeto clave"
"Boleto Handsome","Sexta","    X        Y    ","No se puede vender","Objeto clave"
"Bolsa Sellos","Sexta","    X        Y    ","No se puede vender","Objeto clave"
"Bombona Devon","Sexta","    RΩ        Zα    ","No se puede vender","Objeto clave"
"Bonguri Amarillo","Sexta","    RΩ        Zα    ","No se puede vender","Objeto clave"
"Bonguri Azul","Sexta","    RΩ        Zα    ","No se puede vender","Objeto clave"
"Bonguri Blanco","Sexta","    RΩ        Zα    ","No se puede vender","Objeto clave"
"Bonguri Negro","Sexta","    RΩ        Zα    ","No se puede vender","Objeto clave"
"Bonguri Rojo","Sexta","    RΩ        Zα    ","No se puede vender","Objeto clave"
"Bonguri Rosa","Sexta","    RΩ        Zα    ","No se puede vender","Objeto clave"
"Bonguri Verde","Sexta","    RΩ        Zα    ","No se puede vender","Objeto clave"
"Botón Escape","Quinta","No está a la venta","100","Lista de objetos"
"Brazal","Quinta","No está a la venta","100","Lista de objetos"
"Brazal Firme","Quinta","No está a la venta","100","Lista de objetos"
"Brazal Recio","Quinta","No está a la venta","100","Lista de objetos"
"Buceo Ball","Quinta","No está a la venta","100","Lista de objetos"
"Buscamontura","Quinta","    S        L    ","100","Objeto clave"
"Caña","Tercera","Todos excepto Pokémon Negro y Blanco","100","Objeto clave"
"Caña Buena","Tercera","Todos excepto Pokémon Negro y Blanco","100","Objeto clave"
"Caña Vieja","Tercera","Todos excepto Pokémon Negro y Blanco","100","Objeto clave"
"Cáps. Habilidad","Tercera","Todos excepto Pokémon Negro y Blanco","100","Objeto clave"
"Cápsula Candado","Tercera","Todos excepto Pokémon Negro y Blanco","100","Objeto clave"
"Car. Corazón","Tercera","Todos excepto Pokémon Negro y Blanco","100","Objeto clave"
"Car. Mosaico","Tercera","Todos excepto Pokémon Negro y Blanco","100","Objeto clave"
"Car. Naranja","Tercera","Todos excepto Pokémon Negro y Blanco","100","Objeto clave"
"Car. Sideral","Tercera","Todos excepto Pokémon Negro y Blanco","100","Objeto clave"
"Car. Tropic.","Tercera","Todos excepto Pokémon Negro y Blanco","100","Objeto clave"
"Caramelo Furia","Segunda","300","1501","Lista de objetos"
"Caramelo Raro","Segunda","300","1501","Lista de objetos"
"Carbón","Segunda","9800","4900","Objeto potenciador"
"Carburante","Primera","9800","4900","Lista de objetos"
"Carné Socio","Primera","9800","4900","Lista de objetos"
"Carta Acero","Primera","9800","4900","Lista de objetos"
"Carta Aérea","Primera","9800","4900","Lista de objetos"
"Casco Dentado","Quinta","No está a la venta","1000","Lista de objetos"
"Cebo Ball","Quinta","No está a la venta","1000","Lista de objetos"
"Ceniza Sagrada","Quinta","No está a la venta","1000","Lista de objetos"
"Chaleco Asalto","Quinta","No está a la venta","1000","Lista de objetos"
"Chapa Dorada","Quinta","No está a la venta","1000","Lista de objetos"
"Chapa Plateada","Quinta","No está a la venta","1000","Lista de objetos"
"Charizardita X","Sexta","1.000.000-10.000","No se puede vender","Megapiedra"
"Charizardita Y","Sexta","1.000.000-10.000","No se puede vender","Megapiedra"
"Cinta Elegida","Sexta","1.000.000-10.000","No se puede vender","Megapiedra"
"Cinta Experto","Cuarta","No está a la venta","100","Objeto potenciador"
"Cinta Focus","Segunda","No está a la venta","100","Lista de objetos"
"Cinta Fuerte","Segunda","No está a la venta","100","Lista de objetos"
"Cinto Recio","Segunda","No está a la venta","100","Lista de objetos"
"Cinturón Negro","Segunda","No está a la venta","50","Objeto potenciador"
"Cola Plúmbea","Segunda","No está a la venta","50","Objeto potenciador"
"Cola Skitty","Tercera","1000","500","Lista de objetos"
"Crêpe Luminalia","Sexta","200","100","Objeto curativo"
"CrioROM","Sexta","2900","100","Lista de objetos"
"Criostal Z","Séptima","No está a la venta","No se puede vender","Cristal Z"
"Cristal Z (Liam)","Séptima","    US     |     UL    ","No se puede vender","Objeto clave"
"Cubresuelos","Séptima","No está a la venta","2000","Lista de objetos"
"Cuchara Torcida","Segunda","No está a la venta","50","Objeto potenciador"
"Cuerda Huida","Segunda","275","50","Lista de objetos"
"Cupón 1","Segunda","275","50","Lista de objetos"
"Cupón 2","Segunda","275","50","Lista de objetos"
"Cupón 3","Segunda","275","50","Lista de objetos"
"Cupón Amistad","Segunda","275","50","Lista de objetos"
"Cupón Botín","Segunda","275","50","Lista de objetos"
"Cupón Captura","Segunda","275","50","Lista de objetos"
"Cupón Eclosión","Segunda","275","50","Lista de objetos"
"Cupón Exp","Segunda","275","50","Lista de objetos"
"Cupón PP","Segunda","275","50","Lista de objetos"
"Cupón PS","Segunda","275","50","Lista de objetos"
"Cupón Rebaja","Segunda","275","50","Lista de objetos"
"Cupón Reclamo","Segunda","275","50","Lista de objetos"
"Cupón Refuerzo","Segunda","275","50","Lista de objetos"
"Cupón Sigilo","Segunda","275","50","Lista de objetos"
"Cura Total","Primera","600","300","Restaurador de estado"
"Def. Esp. X 2","Primera","600","300","Restaurador de estado"
"Def. Esp. X 3","Primera","600","300","Restaurador de estado"
"Def. Esp. X 6","Primera","600","300","Restaurador de estado"
"Def. Especial X","Primera","600","300","Restaurador de estado"
"Defensa X","Primera","600","300","Restaurador de estado"
"Defensa X 2","Primera","600","300","Restaurador de estado"
"Defensa X 3","Primera","600","300","Restaurador de estado"
"Defensa X 6","Primera","600","300","Restaurador de estado"
"Despertar","Primera","250","125","Restaurador de estado"
"Diamansfera","Cuarta","10.000","5.000","Objeto potenciador"
"Diancita","Cuarta","No se puede vender","5.000","Megapiedra"
"Diario","Cuarta","    D        P        Pt    ","5.000","Objeto clave"
"Diente Marino","Tercera","No está a la venta","100","Objeto evolutivo"
"Dientes Oro","Tercera","No está a la venta","100","Objeto evolutivo"
"Directo","Tercera","No está a la venta","100","Objeto evolutivo"
"Directo 2","Tercera","No está a la venta","100","Objeto evolutivo"
"Directo 3","Tercera","No está a la venta","100","Objeto evolutivo"
"Disco Acero","Tercera","No está a la venta","100","Objeto evolutivo"
"Disco Agua","Tercera","No está a la venta","100","Objeto evolutivo"
"Disco Bicho","Tercera","No está a la venta","100","Objeto evolutivo"
"Disco Dragón","Tercera","No está a la venta","100","Objeto evolutivo"
"Disco Eléctrico","Tercera","No está a la venta","100","Objeto evolutivo"
"Disco Extraño","Tercera","No está a la venta","100","Objeto evolutivo"
"Disco Fantasma","Tercera","No está a la venta","100","Objeto evolutivo"
"Disco Fuego","Tercera","No está a la venta","100","Objeto evolutivo"
"Disco Hada","Tercera","No está a la venta","100","Objeto evolutivo"
"Disco Hielo","Tercera","No está a la venta","100","Objeto evolutivo"
"Disco Lucha","Tercera","No está a la venta","100","Objeto evolutivo"
"Disco Planta","Tercera","No está a la venta","100","Objeto evolutivo"
"Disco Psíquico","Tercera","No está a la venta","100","Objeto evolutivo"
"Disco Roca","Tercera","No está a la venta","100","Objeto evolutivo"
"Disco Siniestro","Tercera","No está a la venta","100","Objeto evolutivo"
"Disco Tierra","Tercera","No está a la venta","100","Objeto evolutivo"
"Disco Veneno","Tercera","No está a la venta","100","Objeto evolutivo"
"Disco Volador","Tercera","No está a la venta","100","Objeto evolutivo"
"Dracostal Z","Séptima","No está a la venta","No se puede vender","Cristal Z"
"Dueyestal Z","Séptima","No está a la venta","No se puede vender","Cristal Z"
"Dulce de Nata","Séptima","No está a la venta","No se puede vender","Cristal Z"
"Eeveestal Z","Séptima","No está a la venta","No se puede vender","Cristal Z"
"Efigie Antigua","Séptima","No está a la venta","No se puede vender","Cristal Z"
"Electrizador","Cuarta","No está a la venta","1050","Objeto evolutivo"
"Electrostal Z","Séptima","No está a la venta","No se puede vender","Cristal Z"
"Elixir","Primera","No está a la venta","1500","Éter (clase de objeto)"
"Elixir Máximo","Primera","No está a la venta","1500","Éter (clase de objeto)"
"Emblema Kalos","Primera","    X        Y    ","1500","Objeto clave"
"Ensueño Ball","Primera","    X        Y    ","1500","Objeto clave"
"Ente Ball","Primera","    X        Y    ","1500","Objeto clave"
"Entrada para dos","Primera","    RΩ        Zα    ","1500","Objeto clave"
"Envío 1","Primera","    RΩ        Zα    ","1500","Objeto clave"
"Envío 2","Primera","    RΩ        Zα    ","1500","Objeto clave"
"Envío 3","Primera","    RΩ        Zα    ","1500","Objeto clave"
"Escama Bella","Primera","    RΩ        Zα    ","1500","Objeto clave"
"Escama Corazón","Tercera","1000 puntos atleta1, 100002","50","Lista de objetos"
"Escama Dragón","Tercera","1000 puntos atleta1, 100002","50","Lista de objetos"
"Escama Marina","Tercera","No está a la venta","100","Objeto evolutivo"
"Escama Roja","Tercera","No está a la venta","100","Objeto evolutivo"
"Éter","Primera","No está a la venta","600","Éter (clase de objeto)"
"Éter Máximo","Primera","No está a la venta","600","Éter (clase de objeto)"
"Feeristal Z","Séptima","No está a la venta","No se puede vender","Cristal Z"
"Festicupón","Séptima","    S        L    ","No se puede vender","Objeto clave"
"Fitostal Z","Séptima","No está a la venta","No se puede vender","Cristal Z"
"Flauta Amarilla","Séptima","No está a la venta","No se puede vender","Cristal Z"
"Flauta Azul","Séptima","No está a la venta","No se puede vender","Cristal Z"
"Flauta Azur","Séptima","    D        P        Pt    ","No se puede vender","Flauta"
"Flauta Blanca","Séptima","    D        P        Pt    ","No se puede vender","Flauta"
"Flauta Eón","Séptima","    RΩ        Zα    ","No se puede vender","Objeto clave"
"Flauta Lunar","Séptima","    RΩ        Zα    ","No se puede vender","Objeto clave"
"Flauta Negra","Séptima","    RΩ        Zα    ","No se puede vender","Objeto clave"
"Flauta Roja","Séptima","    RΩ        Zα    ","No se puede vender","Objeto clave"
"Flauta Solar","Séptima","    RΩ        Zα    ","No se puede vender","Objeto clave"
"Flecha Venenosa","Séptima","    RΩ        Zα    ","No se puede vender","Objeto clave"
"Flor Irisada","Séptima","    RΩ        Zα    ","No se puede vender","Objeto clave"
"Fósil Aleta","Sexta","7000 1","500","Fósil"
"Fósil Coraza","Cuarta","Tienda de Mayla en Pokémon Luna por 7000","500","Fósil"
"Fósil Cráneo","Cuarta","No está a la venta, 7000 en Pokémon Sol/Luna","500","Fósil"
"Fósil Domo","Primera","7000 1","5002","Fósil"
"Fósil Garra","Tercera","No está a la venta","5001","Fósil"
"Fósil Hélix","Primera","No está a la venta","5001","Fósil"
"Fósil Mandíbula","Sexta","No está a la venta","500","Fósil"
"Fósil Pluma","Sexta","No está a la venta","500","Fósil"
"Fósil Raíz","Tercera","70001","5002","Fósil"
"Fósil Tapa","Tercera","70001","5002","Fósil"
"Frag. Meteorito","Tercera","70001","5002","Fósil"
"Fragmento Cometa","Quinta","No está a la venta","30.000 1","Objeto valioso"
"Franja Recia","Quinta","No está a la venta","30.000 1","Objeto valioso"
"FulgoROM","Quinta","No se compra","2900","Lista de objetos"
"Gafa Protectora","Quinta","No se compra","2900","Lista de objetos"
"Gafas Aislantes","Quinta","No se compra","2900","Lista de objetos"
"Gafas de Sol","Quinta","No se compra","2900","Lista de objetos"
"Gafas Elegid","Cuarta","No está a la venta","100","Objeto potenciador"
"Gafas Especiales","Cuarta","No está a la venta","100","Objeto potenciador"
"Galladita","Cuarta","No se puede vender","100","Megapiedra"
"Galleta Lava","Tercera","200","1001","Objeto curativo"
"Galleta Yantra","Sexta","200","100","Objeto curativo"
"Garchompita","Sexta","No está a la venta","No se puede vender","Megapiedra"
"Gardevoirita","Sexta","No está a la venta","No se puede vender","Megapiedra"
"Garra Afilada","Sexta","No está a la venta","No se puede vender","Megapiedra"
"Garra Garfio","Sexta","No está a la venta","No se puede vender","Megapiedra"
"Garra Rápida","Segunda","No está a la venta","50","Lista de objetos"
"Gema Acero","Segunda","No está a la venta","50","Lista de objetos"
"Gema Agua","Segunda","No está a la venta","50","Lista de objetos"
"Gema Bicho","Segunda","No está a la venta","50","Lista de objetos"
"Gema Dragón","Segunda","No está a la venta","50","Lista de objetos"
"Gema Eléctrica","Segunda","No está a la venta","50","Lista de objetos"
"Gema Fantasma","Segunda","No está a la venta","50","Lista de objetos"
"Gema Fuego","Segunda","No está a la venta","50","Lista de objetos"
"Gema Hada","Segunda","No está a la venta","50","Lista de objetos"
"Gema Hielo","Segunda","No está a la venta","50","Lista de objetos"
"Gema Lucha","Segunda","No está a la venta","50","Lista de objetos"
"Gema Normal","Segunda","No está a la venta","50","Lista de objetos"
"Gema Planta","Segunda","No está a la venta","50","Lista de objetos"
"Gema Psíquica","Segunda","No está a la venta","50","Lista de objetos"
"Gema Roca","Segunda","No está a la venta","50","Lista de objetos"
"Gema Siniestra","Segunda","No está a la venta","50","Lista de objetos"
"Gema Tierra","Segunda","No está a la venta","50","Lista de objetos"
"Gema Veneno","Segunda","No está a la venta","50","Lista de objetos"
"Gema Voladora","Segunda","No está a la venta","50","Lista de objetos"
"Gengarita","Sexta","No está a la venta","No se puede vender","Megapiedra"
"Geostal Z","Séptima","No está a la venta","No se puede vender","Cristal Z"
"Glalita","Séptima","No se puede vender","No se puede vender","Megapiedra"
"Globo Helio","Séptima","No se puede vender","No se puede vender","Megapiedra"
"Gloria Ball","Séptima","No se puede vender","No se puede vender","Megapiedra"
"god stone","Séptima","No se puede vender","No se puede vender","Megapiedra"
"Griseosfera","Cuarta","10.000","5.000","Objeto potenciador"
"Guía de Máximas","Cuarta","10.000","5.000","Objeto potenciador"
"Gyaradosita","Sexta","No está a la venta","No se puede vender","Megapiedra"
"Habilitador","Sexta","No está a la venta","No se puede vender","Megapiedra"
"Hechizo","Segunda","No está a la venta","50","Objeto potenciador"
"Heracrossita","Sexta","No está a la venta","No se puede vender","Megapiedra"
"HidroROM","Quinta","No está a la venta","2900","Lista de objetos"
"Hidrostal Z","Séptima","No está a la venta","No se puede vender","Cristal Z"
"Hierba Blanca","Tercera","No está a la venta","50","Objeto curativo"
"Hierba Mental","Tercera","No está a la venta","50","Objeto curativo"
"Hierba Revivir","Segunda","2800","1400","Herbolario"
"Hierba Única","Segunda","2800","1400","Herbolario"
"Hierro","Primera","9800","4900","Lista de objetos"
"Hiperpoción","Primera","15001","7502","Poción (clase de objeto)"
"Holomisor","Primera","    X        Y    ","7502","Objeto clave"
"Honor Ball","Primera","    X        Y    ","7502","Objeto clave"
"Houndoomita","Sexta","No está a la venta","No se puede vender","Megapiedra"
"Hueso Grueso","Sexta","No está a la venta","No se puede vender","Megapiedra"
"Hueso Raro","Sexta","No está a la venta","No se puede vender","Megapiedra"
"Huevo Misterioso","Sexta","No está a la venta","No se puede vender","Megapiedra"
"Huevo Suerte","Segunda","No está a la venta","100","Lista de objetos"
"Imán","Segunda","No está a la venta","100","Lista de objetos"
"Incienso Aqua","Segunda","No está a la venta","100","Lista de objetos"
"Incienso Duplo","Cuarta","9600 1","4800","Incienso"
"Incienso Floral","Cuarta","9600 1","4800","Incienso"
"Incienso Lento","Cuarta","9600 1","4800","Incienso"
"Incienso Marino","Tercera","9600 1","4800","Incienso"
"Incienso Puro","Tercera","9600 1","4800","Incienso"
"Incienso Raro","Cuarta","9600 1","4800","Incienso"
"Incienso Roca","Cuarta","9600 1","4800","Incienso"
"Incienso Suave","Cuarta","9600 1","4800","Incienso"
"Incinostal Z","Séptima","No está a la venta","No se puede vender","Cristal Z"
"Insectostal Z","Séptima","No está a la venta","No se puede vender","Cristal Z"
"Iris-Ticket","Séptima","   RF      VH   ","No se puede vender","Objeto clave"
"Kangaskhanita","Sexta","No está a la venta","No se puede vender","Megapiedra"
"Kit de Pokécubos","Sexta","    RΩ        Zα    ","No se puede vender","Objeto clave"
"Kit Explorador","Sexta","    RΩ        Zα    ","No se puede vender","Objeto clave"
"Kit Maquillaje","Sexta","    RΩ        Zα    ","No se puede vender","Objeto clave"
"Kommostal Z","Séptima","No está a la venta","No se puede vender","Cristal Z"
"Latiasita","Séptima","No se puede vender","No se puede vender","Megapiedra"
"Latiosita","Séptima","No se puede vender","No se puede vender","Megapiedra"
"Lazo Destino","Séptima","No se puede vender","No se puede vender","Megapiedra"
"Leche Mu-mu","Segunda","500","2501","Comida Pokémon"
"Lector GB","Segunda","   HG      SS   ","2501","Objeto clave"
"Lente Recia","Segunda","   HG      SS   ","2501","Objeto clave"
"Limonada","Primera","350","1751","Comida Pokémon"
"Litostal Z","Séptima","No está a la venta","No se puede vender","Cristal Z"
"Lizastal Z","Séptima","No está a la venta","No se puede vender","Cristal Z"
"Ll. Ascensor","Séptima","No está a la venta","No se puede vender","Cristal Z"
"Ll. Cabina 1","Séptima","No está a la venta","No se puede vender","Cristal Z"
"Ll. Cabina 2","Séptima","No está a la venta","No se puede vender","Cristal Z"
"Ll. Cabina 4","Séptima","No está a la venta","No se puede vender","Cristal Z"
"Ll. Cabina 6","Séptima","No está a la venta","No se puede vender","Cristal Z"
"Ll. Habitación 1","Séptima","No está a la venta","No se puede vender","Cristal Z"
"Ll. Habitación 2","Séptima","No está a la venta","No se puede vender","Cristal Z"
"Ll. Habitación 4","Séptima","No está a la venta","No se puede vender","Cristal Z"
"Ll. Habitación 6","Séptima","No está a la venta","No se puede vender","Cristal Z"
"Llamasfera","Cuarta","No está a la venta","50","Lista de objetos"
"Llave Almacén","Cuarta","No está a la venta","50","Lista de objetos"
"Llave Ascensor","Cuarta","No está a la venta","50","Lista de objetos"
"Llave Central","Cuarta","No está a la venta","50","Lista de objetos"
"Llave Galaxia","Cuarta","No está a la venta","50","Lista de objetos"
"Llave Magnética","Cuarta","No está a la venta","50","Lista de objetos"
"Llave Secreta","Cuarta","No está a la venta","50","Lista de objetos"
"Llave Sótano","Cuarta","No está a la venta","50","Lista de objetos"
"Llave Suite","Cuarta","No está a la venta","50","Lista de objetos"
"Lodo Negro","Cuarta","No está a la venta","50","Lista de objetos"
"Lopunnita","Sexta","No está a la venta","No se puede vender","Megapiedra"
"Lotadgadera","Sexta","    X        Y    ","No se puede vender","Objeto clave"
"Lucarita","Sexta","No está a la venta","No se puede vender","Megapiedra"
"Lujo Ball","Sexta","No está a la venta","No se puede vender","Megapiedra"
"Luna Ball","Sexta","No está a la venta","No se puede vender","Megapiedra"
"Lunalastal Z","Séptima","No está a la venta","No se puede vender","Cristal Z"
"Lupa","Cuarta","No está a la venta","100","Lista de objetos"
"Lustresfera","Cuarta","10.000","5.000","Objeto potenciador"
"Lycanrostal Z","Séptima","No está a la venta","No se puede vender","Cristal Z"
"Magmatizador","Cuarta","No está a la venta","1050","Objeto evolutivo"
"Maleta","Cuarta","    X        Y    ","1050","Objeto beta"
"Malla Ball","Cuarta","    X        Y    ","1050","Objeto beta"
"Manectricita","Sexta","No está a la venta","No se puede vender","Megapiedra"
"Mapa","Sexta","Todos","No se puede vender","Objeto clave"
"Mapa Viejo","Sexta","    E    ","No se puede vender","Objeto clave"
"Marshastal Z","Séptima","No está a la venta","No se puede vender","Cristal Z"
"Máscara Profesor","Séptima","No está a la venta","No se puede vender","Cristal Z"
"Más PP","Primera","No está a la venta","4900","Lista de objetos"
"Más PS","Primera","9800","4900","Lista de objetos"
"Master Ball","Primera","9800","4900","Lista de objetos"
"Mawilita","Sexta","No está a la venta","No se puede vender","Megapiedra"
"Maxipepita","Quinta","No está a la venta","300001","Lista de objetos"
"Medalla Fulgor","Quinta","    US     |     UL    ","300001","Objeto clave"
"Medichamita","Quinta","No se puede vender","300001","Megapiedra"
"Mega-Aro","Quinta","    X        Y    ","300001","Objeto clave"
"Megaancla","Quinta","    X        Y    ","300001","Objeto clave"
"Megabrazalete","Quinta","    X        Y    ","300001","Objeto clave"
"Megabroche","Quinta","XY","300001","Objeto clave"
"Megacolgante","Quinta","    X        Y    ","300001","Objeto clave"
"Megacollar","Quinta","    X        Y    ","300001","Objeto clave"
"Megagafas","Quinta","    X        Y    ","300001","Objeto clave"
"Megaguante","Quinta","    X        Y    ","300001","Objeto clave"
"Mewstal Z","Séptima","No está a la venta","No se puede vender","Cristal Z"
"Mewtwoita X","Sexta","No está a la venta","No se puede vender","Megapiedra"
"Mewtwoita Y","Sexta","No está a la venta","No se puede vender","Megapiedra"
"Miel","Cuarta","100","501","Lista de objetos"
"Mimikyustal Z","Séptima","No está a la venta","No se puede vender","Cristal Z"
"Mineral Evol","Quinta","Desconocido","100","Lista de objetos"
"Miniseta","Quinta","Desconocido","100","Lista de objetos"
"Misticristal","Quinta","   HG      SS   ","100","Objeto clave"
"MO01","Quinta","   HG      SS   ","100","Objeto clave"
"MO02","Quinta","   HG      SS   ","100","Objeto clave"
"MO03","Quinta","   HG      SS   ","100","Objeto clave"
"MO04","Quinta","   HG      SS   ","100","Objeto clave"
"MO05","Quinta","   HG      SS   ","100","Objeto clave"
"MO06","Quinta","   HG      SS   ","100","Objeto clave"
"MO07","Quinta","   HG      SS   ","100","Objeto clave"
"MO08","Quinta","   HG      SS   ","100","Objeto clave"
"Moneda Amuleto","Segunda","No está a la venta","50","Lista de objetos"
"Necroluna","Segunda","    US     |     UL    ","50","Objeto clave"
"Necrosol","Segunda","    US     |     UL    ","50","Objeto clave"
"Néctar Amarillo","Segunda","    US     |     UL    ","50","Objeto clave"
"Néctar Rojo","Segunda","    US     |     UL    ","50","Objeto clave"
"Néctar Rosa","Segunda","    US     |     UL    ","50","Objeto clave"
"Néctar Violeta","Segunda","    US     |     UL    ","50","Objeto clave"
"Nerviosfera","Séptima","300","150","Lista de objetos"
"Nictostal Z","Séptima","No está a la venta","No se puede vender","Cristal Z"
"Nido Ball","Séptima","No está a la venta","No se puede vender","Cristal Z"
"Nivel Ball","Séptima","No está a la venta","No se puede vender","Cristal Z"
"Normastal Z","Séptima","No está a la venta","No se puede vender","Cristal Z"
"Nota Intrigante","Séptima","No está a la venta","No se puede vender","Cristal Z"
"Objeto Perdido","Séptima","No está a la venta","No se puede vender","Cristal Z"
"Ocaso Ball","Séptima","No está a la venta","No se puede vender","Cristal Z"
"Orbe Claro","Séptima","No está a la venta","No se puede vender","Cristal Z"
"Orbe Oscuro","Séptima","No está a la venta","No se puede vender","Cristal Z"
"Palo","Segunda","No está a la venta","100","Objeto potenciador"
"Pañuelo Amarillo","Segunda","No está a la venta","100","Objeto potenciador"
"Pañuelo Azul","Segunda","No está a la venta","100","Objeto potenciador"
"Pañuelo Elegido","Segunda","No está a la venta","100","Objeto potenciador"
"Pañuelo Rojo","Segunda","No está a la venta","100","Objeto potenciador"
"Pañuelo Rosa","Segunda","No está a la venta","100","Objeto potenciador"
"Pañuelo Seda","Tercera","No está a la venta","50","Objeto potenciador"
"Pañuelo Sucio","Tercera","No está a la venta","50","Objeto potenciador"
"Pañuelo Verde","Tercera","No está a la venta","50","Objeto potenciador"
"Paquete","Tercera","    D        P        Pt    ","50","Objeto clave"
"Paracontacto","Séptima","No está a la venta","200","Lista de objetos"
"Parque Ball","Séptima","No está a la venta","200","Lista de objetos"
"Parte Amarilla","Séptima","No está a la venta","200","Lista de objetos"
"Parte Azul","Séptima","No está a la venta","200","Lista de objetos"
"Parte Roja","Séptima","No está a la venta","200","Lista de objetos"
"Parte Verde","Séptima","No está a la venta","200","Lista de objetos"
"Pase","Séptima","   N2      B2   ","200","Objeto clave"
"Pase Central","Séptima","   N2      B2   ","200","Objeto clave"
"Pase Concurso","Séptima","   N2      B2   ","200","Objeto clave"
"Patines","Séptima","    X        Y    ","200","Objeto clave"
"Pepita","Primera","No está a la venta","50001","Objeto valioso"
"Periscopio","Segunda","No está a la venta","100","Lista de objetos"
"Perla","Segunda","No está a la venta","100","Lista de objetos"
"Perla Grande","Segunda","No está a la venta","375012","Objeto valioso"
"Pesa Recia","Segunda","No está a la venta","375012","Objeto valioso"
"Peso Ball","Segunda","No está a la venta","375012","Objeto valioso"
"Pétalo Amarillo","Segunda","No está a la venta","375012","Objeto valioso"
"Pétalo Azul","Segunda","No está a la venta","375012","Objeto valioso"
"Pétalo Naranja","Segunda","No está a la venta","375012","Objeto valioso"
"Pétalo Rojo","Segunda","No está a la venta","375012","Objeto valioso"
"Pétalo Rosa","Segunda","No está a la venta","375012","Objeto valioso"
"Pétalo Verde","Segunda","No está a la venta","375012","Objeto valioso"
"Pétalo Violeta","Segunda","No está a la venta","375012","Objeto valioso"
"Pico Afilado","Segunda","No está a la venta","375012","Objeto valioso"
"Pidgeotita","Sexta","No está a la venta","No se puede vender","Megapiedra"
"Piedra Activadora","Sexta","No está a la venta","No se puede vender","Megapiedra"
"Piedra Agua","Primera","21001","1050","Piedra evolutiva"
"Piedra Alba","Primera","21001","1050","Piedra evolutiva"
"Piedra Brillante","Primera","21001","1050","Piedra evolutiva"
"Piedra Común","Primera","21001","1050","Piedra evolutiva"
"Piedra Día","Cuarta","No está a la venta","1050","Piedra evolutiva"
"Piedra Dura","Segunda","No está a la venta","501","Objeto potenciador"
"Piedra Espíritu","Segunda","1050","501","Lista de objetos"
"Piedra Eterna","Segunda","No está a la venta","15001","Lista de objetos"
"Piedra Fuego","Primera","21001","1050","Piedra evolutiva"
"Piedra Hielo","Primera","21001","1050","Piedra evolutiva"
"Piedra Hoja","Primera","21001","1050","Piedra evolutiva"
"Piedra Insólita","Primera","21001","1050","Piedra evolutiva"
"Piedra Lunar","Primera","No está a la venta","1050","Piedra evolutiva"
"Piedra Magma","Primera","No está a la venta","1050","Piedra evolutiva"
"Piedra Noche","Cuarta","No está a la venta","1050","Piedra evolutiva"
"Piedra Oval","Cuarta","No está a la venta","1050","Piedra evolutiva"
"Piedra Pómez","Cuarta","No está a la venta","1050","Piedra evolutiva"
"Piedra Solar","Segunda","No está a la venta","1050","Piedra evolutiva"
"Pikastal Z","Séptima","No está a la venta","No se puede vender","Cristal Z"
"Pila","Quinta","No está a la venta","100","Objeto potenciador"
"Pinsirita","Quinta","No se puede vender","100","Megapiedra"
"PiroROM","Quinta","No está a la venta","2900","Lista de objetos"
"Pirostal Z","Séptima","No está a la venta","No se puede vender","Cristal Z"
"Plantabayas","Séptima","   HG      SS   ","No se puede vender","Objeto clave"
"Pluma Aguante","Séptima","   HG      SS   ","No se puede vender","Objeto clave"
"Pluma Bella","Séptima","   HG      SS   ","No se puede vender","Objeto clave"
"Pluma Ímpetu","Séptima","   HG      SS   ","No se puede vender","Objeto clave"
"Pluma Intelecto","Séptima","   HG      SS   ","No se puede vender","Objeto clave"
"Poción","Primera","300","150","Poción (clase de objeto)"
"Poción Máxima","Primera","300","150","Poción (clase de objeto)"
"Pokéseñuelo","Quinta","1000","500","Lista de objetos"
"Poké Tele","Quinta","   RF      VH   ","500","Objeto clave"
"Pokochera","Quinta","    D        P        Pt    ","500","Objeto clave"
"Polvo Brillo","Quinta","    D        P        Pt    ","500","Objeto clave"
"Polvo Curación","Quinta","    D        P        Pt    ","500","Objeto clave"
"Polvo Energía","Quinta","    D        P        Pt    ","500","Objeto clave"
"Polvo Estelar","Quinta","    D        P        Pt    ","500","Objeto clave"
"Polvo Metálico","Quinta","    D        P        Pt    ","500","Objeto clave"
"Polvo Plata","Segunda","No está a la venta","50","Objeto potenciador"
"Polvo Veloz","Segunda","No está a la venta","50","Objeto potenciador"
"Porcehelado","Quinta","100","501","Objeto curativo"
"Primastal Z","Séptima","No está a la venta","No se puede vender","Cristal Z"
"Prisma Azul","Séptima","No está a la venta","No se puede vender","Cristal Z"
"Prisma Rojo","Séptima","No está a la venta","No se puede vender","Cristal Z"
"Protec. Especial","Séptima","No está a la venta","No se puede vender","Cristal Z"
"Protector","Cuarta","No está a la venta","1050","Objeto evolutivo"
"Proteína","Primera","9800","4900","Lista de objetos"
"Psicostal Z","Séptima","30","100.000.000","Cristal Z"
"Psydugadera","Séptima","30","100.000.000","Objeto clave"
"Pulsera Z","Séptima","    S        L    ","100.000.000","Objeto clave"
"Puño Suerte","Séptima","    S        L    ","100.000.000","Objeto clave"
"Refleluz","Cuarta","No está a la venta","100","Lista de objetos"
"Refresco","Primera","300","150","Comida Pokémon"
"Regalosfera","Quinta","No está a la venta","100","Lista de objetos"
"Reglamento","Quinta","No está a la venta","100","Objeto beta"
"Repartir Exp","Primera","No está a la venta","15001","Lista de objetos"
"Repelente","Primera","350","175","Repelente (clase de objeto)"
"Repelente Máximo","Primera","350","175","Repelente (clase de objeto)"
"Restaurar Todo","Primera","350","175","Repelente (clase de objeto)"
"Restos","Segunda","No está a la venta","1001","Objeto curativo"
"Revest. Metálico","Segunda","No está a la venta","1001","Objeto curativo"
"Revivir","Primera","1500","750","Objeto curativo"
"Revivir Máximo","Primera","1500","750","Objeto curativo"
"Roca Calor","Primera","1500","750","Objeto curativo"
"Roca del Rey","Segunda","No está a la venta","50","Objeto evolutivo"
"Roca Helada","Segunda","No está a la venta","50","Objeto evolutivo"
"Roca Lluvia","Segunda","No está a la venta","50","Objeto evolutivo"
"Roca Suave","Segunda","No está a la venta","50","Objeto evolutivo"
"Rocío Bondad","Tercera","No está a la venta","100","Objeto potenciador"
"Rubí","Tercera","No está a la venta","100","Objeto potenciador"
"Sableynita","Tercera","No se puede vender","100","Megapiedra"
"Saca Botín","Tercera","No se puede vender","100","Megapiedra"
"Saco Bayas","Tercera","No se puede vender","100","Megapiedra"
"Saco Hollín","Tercera","No se puede vender","100","Megapiedra"
"Safari Ball","Tercera","No se puede vender","100","Megapiedra"
"Salamencita","Tercera","No se puede vender","100","Megapiedra"
"Sal Cardumen","Tercera","No se puede vender","100","Megapiedra"
"Sana Ball","Tercera","No se puede vender","100","Megapiedra"
"Saquito Fragante","Tercera","No se puede vender","100","Megapiedra"
"Sarta Perlas","Tercera","No se puede vender","100","Megapiedra"
"Sceptilita","Sexta","1500","No se puede vender","Megapiedra"
"Scizorita","Sexta","No esta a la venta","No se puede vender","Megapiedra"
"Snorlastal Z","Séptima","No está a la venta","No se puede vender","Cristal Z"
"Solgaleostal Z","Séptima","No está a la venta","No se puede vender","Cristal Z"
"Steelixita","Séptima","No se puede vender","No se puede vender","Megapiedra"
"Super Ball","Séptima","No se puede vender","No se puede vender","Megapiedra"
"Supercaña","Séptima","Todos excepto Pokémon Negro y Blanco","No se puede vender","Objeto clave"
"Superpoción","Primera","700","350","Poción (clase de objeto)"
"Superpulsera Z","Primera","    US     |     UL    ","350","Objeto clave"
"Superrepelente","Primera","500","250","Repelente (clase de objeto)"
"Swampertita","Sexta","1500","No se puede vender","Megapiedra"
"Tabla Acero","Sexta","1500","No se puede vender","Megapiedra"
"Tabla Bicho","Sexta","1500","No se puede vender","Megapiedra"
"Tabla Cielo","Sexta","1500","No se puede vender","Megapiedra"
"Tabla Draco","Sexta","1500","No se puede vender","Megapiedra"
"Tabla Duende","Sexta","1500","No se puede vender","Megapiedra"
"Tabla Fuerte","Sexta","1500","No se puede vender","Megapiedra"
"Tabla Helada","Sexta","1500","No se puede vender","Megapiedra"
"Tabla Linfa","Sexta","1500","No se puede vender","Megapiedra"
"Tabla Llama","Sexta","1500","No se puede vender","Megapiedra"
"Tabla Mental","Sexta","1500","No se puede vender","Megapiedra"
"Tabla Oscura","Cuarta","No está a la venta","500","Tabla"
"Tabla Pétrea","Cuarta","No está a la venta","500","Tabla"
"Tabla Pradal","Cuarta","No está a la venta","500","Tabla"
"Tabla Terrax","Cuarta","No está a la venta","500","Tabla"
"Tabla Terror","Cuarta","No está a la venta","500","Tabla"
"Tabla Tóxica","Cuarta","No está a la venta","500","Tabla"
"Tabla Trueno","Cuarta","No está a la venta","500","Tabla"
"Talismán","Cuarta","    D        P        Pt    ","500","Objeto clave"
"Tapistal Z","Séptima","No está a la venta","No se puede vender","Cristal Z"
"Tarjeta Azul","Séptima","No está a la venta","No se puede vender","Cristal Z"
"Tarjeta Datos 01","Séptima","No está a la venta","No se puede vender","Cristal Z"
"Tarjeta Datos 02","Séptima","No está a la venta","No se puede vender","Cristal Z"
"Tarjeta Datos 03","Séptima","No está a la venta","No se puede vender","Cristal Z"
"Tarjeta Datos 04","Séptima","No está a la venta","No se puede vender","Cristal Z"
"Tarjeta Datos 05","Séptima","No está a la venta","No se puede vender","Cristal Z"
"Tarjeta Datos 06","Séptima","No está a la venta","No se puede vender","Cristal Z"
"Tarjeta Datos 07","Séptima","No está a la venta","No se puede vender","Cristal Z"
"Tarjeta Datos 08","Séptima","No está a la venta","No se puede vender","Cristal Z"
"Tarjeta Datos 09","Séptima","No está a la venta","No se puede vender","Cristal Z"
"Tarjeta Datos 10","Séptima","No está a la venta","No se puede vender","Cristal Z"
"Tarjeta Datos 11","Séptima","No está a la venta","No se puede vender","Cristal Z"
"Tarjeta Datos 12","Séptima","No está a la venta","No se puede vender","Cristal Z"
"Tarjeta Datos 13","Séptima","No está a la venta","No se puede vender","Cristal Z"
"Tarjeta Datos 14","Séptima","No está a la venta","No se puede vender","Cristal Z"
"Tarjeta Datos 15","Séptima","No está a la venta","No se puede vender","Cristal Z"
"Tarjeta Datos 16","Séptima","No está a la venta","No se puede vender","Cristal Z"
"Tarjeta Datos 17","Séptima","No está a la venta","No se puede vender","Cristal Z"
"Tarjeta Datos 18","Séptima","No está a la venta","No se puede vender","Cristal Z"
"Tarjeta Datos 19","Séptima","No está a la venta","No se puede vender","Cristal Z"
"Tarjeta Datos 20","Séptima","No está a la venta","No se puede vender","Cristal Z"
"Tarjeta Datos 21","Séptima","No está a la venta","No se puede vender","Cristal Z"
"Tarjeta Datos 22","Séptima","No está a la venta","No se puede vender","Cristal Z"
"Tarjeta Datos 23","Séptima","No está a la venta","No se puede vender","Cristal Z"
"Tarjeta Datos 24","Séptima","No está a la venta","No se puede vender","Cristal Z"
"Tarjeta Datos 25","Séptima","No está a la venta","No se puede vender","Cristal Z"
"Tarjeta Datos 26","Séptima","No está a la venta","No se puede vender","Cristal Z"
"Tarjeta Datos 27","Séptima","No está a la venta","No se puede vender","Cristal Z"
"Tarjeta Libertad","Séptima","No está a la venta","No se puede vender","Cristal Z"
"Tarjeta Plasma","Séptima","   N2      B2   ","No se puede vender","Objeto clave"
"Tarjeta Puntos","Séptima","   N2      B2   ","No se puede vender","Objeto clave"
"Tarjeta Roja","Séptima","   N2      B2   ","No se puede vender","Objeto clave"
"Té","Séptima","   RF      VH   ","No se puede vender","Objeto clave"
"Tela Terrible","Séptima","   RF      VH   ","No se puede vender","Objeto clave"
"Telescopio","Cuarta","No está a la venta","100","Lista de objetos"
"Toxiestrella","Cuarta","No está a la venta","100","Lista de objetos"
"Toxisfera","Cuarta","No está a la venta","50","Lista de objetos"
"Toxistal Z","Séptima","No está a la venta","No se puede vender","Cristal Z"
"Traje Aqua","Séptima","   Zα   ","No se puede vender","Objeto clave"
"Traje de Gala","Séptima","   Zα   ","No se puede vender","Objeto clave"
"Traje Magma","Séptima","   RΩ   ","No se puede vender","Objeto clave"
"Tri-Ticket","Séptima","   RF      VH   ","No se puede vender","Objeto clave"
"Trozo Estrella","Séptima","   RF      VH   ","No se puede vender","Objeto clave"
"Tubérculo","Quinta","No está a la venta","100","Objeto potenciador"
"Tubo MT-MO","Quinta","   RF      VH   ","100","Objeto clave"
"Tyranitarita","Sexta","No está a la venta","No se puede vender","Megapiedra"
"Ultra Ball","Sexta","No está a la venta","No se puede vender","Megapiedra"
"Ultranecrostal Z","Séptima","No está a la venta","No se puede vender","Cristal Z"
"Vale Descuento","Sexta","No está a la venta","10","Lista de objetos"
"Vasija Castigo","Sexta","No está a la venta","10","Lista de objetos"
"Velocidad X","Sexta","No está a la venta","10","Lista de objetos"
"Velocidad X 2","Sexta","No está a la venta","10","Lista de objetos"
"Velocidad X 3","Sexta","No está a la venta","10","Lista de objetos"
"Velocidad X 6","Sexta","No está a la venta","10","Lista de objetos"
"Veloz Ball","Sexta","No está a la venta","10","Lista de objetos"
"Venusaurita","Sexta","150 000","No se puede vender","Megapiedra"
"Vidasfera","Cuarta","No está a la venta","100","Lista de objetos"
"Zahorí","Cuarta","Todos","100","Objeto clave"
"Zinc","Tercera","9800","4900","Lista de objetos"
"Zumo de Baya","Tercera","9800","4900","Lista de objetos"
